DROP DATABASE IF EXISTS activiti;

CREATE DATABASE activiti
  DEFAULT CHARACTER SET utf8
  COLLATE utf8_general_ci;

USE activiti;

-- ----------------------------
--  Table structure for tb_user
-- ----------------------------
DROP TABLE
IF EXISTS tb_user;

CREATE TABLE tb_user
(
  id           BIGINT(20) PRIMARY KEY AUTO_INCREMENT NOT NULL
  COMMENT '主键, 自增',
  username     VARCHAR(32)                           NOT NULL
  COMMENT '用户名',
  realname     VARCHAR(32)                           NOT NULL
  COMMENT '真实姓名',
  password     VARCHAR(64)                           NOT NULL
  COMMENT '密码',
  salt         VARCHAR(64)                           NOT NULL
  COMMENT '密码盐',
  is_deleted   TINYINT                               NOT NULL                    DEFAULT 0
  COMMENT '逻辑删除:{0:未删除, 1:已删除}',
  created_time TIMESTAMP                             NOT NULL                    DEFAULT CURRENT_TIMESTAMP
  COMMENT '创建时间',
  updated_time TIMESTAMP                             NOT NULL                    DEFAULT CURRENT_TIMESTAMP ON UPDATE CURRENT_TIMESTAMP
  COMMENT '更新时间'
)
  COMMENT '用户表';
CREATE UNIQUE INDEX username_UNIQUE
  ON tb_user (username);

-- ----------------------------
--  Table structure for tb_role
-- ----------------------------
DROP TABLE
IF EXISTS tb_role;

CREATE TABLE tb_role
(
  id           BIGINT(20) PRIMARY KEY AUTO_INCREMENT NOT NULL
  COMMENT '主键, 自增',
  code         VARCHAR(32)                           NOT NULL
  COMMENT '角色代码',
  name         VARCHAR(32)                           NOT NULL
  COMMENT '角色名称',
  is_deleted   TINYINT                               NOT NULL                DEFAULT 0
  COMMENT '逻辑删除:{0:未删除, 1:已删除}',
  created_time TIMESTAMP                             NOT NULL                DEFAULT CURRENT_TIMESTAMP
  COMMENT '创建时间',
  updated_time TIMESTAMP                             NOT NULL                DEFAULT CURRENT_TIMESTAMP ON UPDATE CURRENT_TIMESTAMP
  COMMENT '更新时间'
)
  COMMENT '角色表';
CREATE UNIQUE INDEX code_UNIQUE
  ON tb_role (code);

-- ----------------------------
--  Table structure for tb_menu
-- ----------------------------
DROP TABLE
IF EXISTS tb_menu;

CREATE TABLE tb_menu
(
  id           BIGINT(20) PRIMARY KEY AUTO_INCREMENT NOT NULL
  COMMENT '主键, 自增',
  code         VARCHAR(32)                           NOT NULL
  COMMENT '菜单代码',
  name         VARCHAR(32)                           NOT NULL
  COMMENT '菜单名称',
  pcode        VARCHAR(32)                           NOT NULL                DEFAULT ''
  COMMENT '父菜单代码',
  url          VARCHAR(128)                          NOT NULL                DEFAULT ''
  COMMENT '菜单地址',
  sort         INT(11)                               NOT NULL                DEFAULT 0
  COMMENT '菜单排序(从0开始)',
  icon         VARCHAR(128)                          NOT NULL                DEFAULT ''
  COMMENT '菜单图标的样式',
  is_deleted   TINYINT                               NOT NULL                DEFAULT 0
  COMMENT '逻辑删除:{0:未删除, 1:已删除}',
  created_time TIMESTAMP                             NOT NULL                DEFAULT CURRENT_TIMESTAMP
  COMMENT '创建时间',
  updated_time TIMESTAMP                             NOT NULL                DEFAULT CURRENT_TIMESTAMP ON UPDATE CURRENT_TIMESTAMP
  COMMENT '更新时间'
)
  COMMENT '菜单表';
CREATE INDEX sort_ix
  ON tb_menu (sort);
CREATE UNIQUE INDEX code_UNIQUE
  ON tb_menu (code);

-- ----------------------------
--  Table structure for tb_user_role
-- ----------------------------
DROP TABLE
IF EXISTS tb_user_role;

CREATE TABLE tb_user_role
(
  username  VARCHAR(32) NOT NULL
  COMMENT '用户名',
  role_code VARCHAR(32) NOT NULL
  COMMENT '角色代码',
  PRIMARY KEY (username, role_code)
)
  COMMENT '用户角色表';

-- ----------------------------
--  Table structure for rtb_ole_menu
-- ----------------------------
DROP TABLE
IF EXISTS tb_role_menu;

CREATE TABLE tb_role_menu
(
  role_code VARCHAR(32) NOT NULL
  COMMENT '角色代码',
  menu_code VARCHAR(32) NOT NULL
  COMMENT '菜单代码',
  PRIMARY KEY (role_code, menu_code)
)
  COMMENT '角色菜单表';

-- ----------------------------
--  Table structure for tb_login_log
-- ----------------------------
DROP TABLE
IF EXISTS tb_login_log;

CREATE TABLE tb_login_log
(
  id           BIGINT(20) PRIMARY KEY AUTO_INCREMENT NOT NULL
  COMMENT '主键, 自增',
  username     VARCHAR(32)                           NOT NULL
  COMMENT '用户名',
  ip           VARCHAR(20)                           NOT NULL
  COMMENT '登录IP',
  is_deleted   TINYINT                               NOT NULL                    DEFAULT 0
  COMMENT '逻辑删除:{0:未删除, 1:已删除}',
  created_time TIMESTAMP                             NOT NULL                    DEFAULT CURRENT_TIMESTAMP
  COMMENT '创建时间',
  updated_time TIMESTAMP                             NOT NULL                    DEFAULT CURRENT_TIMESTAMP ON UPDATE CURRENT_TIMESTAMP
  COMMENT '更新时间'
)
  COMMENT '章节表';
CREATE INDEX ix_username
  ON tb_login_log (username);
CREATE INDEX ix_created_time
  ON tb_login_log (created_time);

-- ----------------------------
--  Table structure for tb_monitor
-- ----------------------------
DROP TABLE
IF EXISTS tb_monitor;

CREATE TABLE tb_monitor
(
  id               BIGINT(20) PRIMARY KEY AUTO_INCREMENT NOT NULL
  COMMENT '主键, 自增',
  app              VARCHAR(32)                           NOT NULL                    DEFAULT ''
  COMMENT '应用名称',
  type             VARCHAR(32)                           NOT NULL                    DEFAULT ''
  COMMENT '监控类型',
  description      VARCHAR(2048)                         NOT NULL                    DEFAULT ''
  COMMENT '监控描述',
  begin_time       TIMESTAMP                             NULL
  COMMENT '开始时间',
  end_time         TIMESTAMP                             NULL
  COMMENT '结束时间',
  has_return_value TINYINT                               NOT NULL                    DEFAULT 0
  COMMENT '是否有返回值:{0:没有返回值, 1:有返回值}',
  return_value     LONGTEXT                              NOT NULL
  COMMENT '返回值',
  args             LONGTEXT                              NOT NULL
  COMMENT '参数',
  username         VARCHAR(32)                           NOT NULL                    DEFAULT ''
  COMMENT '用户名',
  is_deleted       TINYINT                               NOT NULL                    DEFAULT 0
  COMMENT '逻辑删除:{0:未删除, 1:已删除}',
  created_time     TIMESTAMP                             NOT NULL                    DEFAULT CURRENT_TIMESTAMP
  COMMENT '创建时间',
  updated_time     TIMESTAMP                             NOT NULL                    DEFAULT CURRENT_TIMESTAMP ON UPDATE CURRENT_TIMESTAMP
  COMMENT '更新时间'
)
  COMMENT '章节表';
CREATE INDEX ix_app
  ON tb_monitor (app);
CREATE INDEX ix_type
  ON tb_monitor (type);

-- ----------------------------
--  Table structure for tb_definition_apply
-- ----------------------------
DROP TABLE
IF EXISTS tb_definition_apply;

CREATE TABLE tb_definition_apply
(
  id           BIGINT(20) PRIMARY KEY AUTO_INCREMENT NOT NULL
  COMMENT '主键, 自增',
  serial_no    VARCHAR(32)                           NOT NULL
  COMMENT '申请流水',
  remark       VARCHAR(128)                          NOT NULL
  COMMENT '备注',
  zip_name     VARCHAR(64)                           NOT NULL
  COMMENT 'ZIP文件名',
  zip_path     VARCHAR(256)                          NOT NULL
  COMMENT 'ZIP路径',
  status       VARCHAR(10)                           NOT NULL                    DEFAULT 'APPLY'
  COMMENT '状态:{APPLY:申请中, BACK:已退回, REJECT:已拒绝, COMPLETE:已完成}',
  username     VARCHAR(32)                           NOT NULL
  COMMENT '申请人',
  is_deleted   TINYINT                               NOT NULL                    DEFAULT 0
  COMMENT '逻辑删除:{0:未删除, 1:已删除}',
  created_time TIMESTAMP                             NOT NULL                    DEFAULT CURRENT_TIMESTAMP
  COMMENT '创建时间',
  updated_time TIMESTAMP                             NOT NULL                    DEFAULT CURRENT_TIMESTAMP ON UPDATE CURRENT_TIMESTAMP
  COMMENT '更新时间'
)
  COMMENT '流程定义申请表';
CREATE UNIQUE INDEX serial_no_UNIQUE
  ON tb_definition_apply (serial_no);

#====================初始数据====================#

-- ----------------------------
--  data for tb_user
-- ----------------------------
INSERT INTO tb_user
(username, realname, password, salt)
VALUES
  # 密码全是：111111
  ('admin', '超级管理员', 'df9e06125caf2f421535bc725b9c96d329ae377b', '5cf6b1a302cabcbd'),
  ('auditor', '审核员', 'df9e06125caf2f421535bc725b9c96d329ae377b', '5cf6b1a302cabcbd'),
  ('guest', '普通用户', 'df9e06125caf2f421535bc725b9c96d329ae377b', '5cf6b1a302cabcbd');

-- ----------------------------
--  data for tb_role
-- ----------------------------
INSERT INTO tb_role
(code, name)
VALUES
  ('ROLE_ADMIN', '超级管理员'),
  ('ROLE_AUDITOR', '审核员'),
  ('ROLE_GUEST', '普通用户');

-- ----------------------------
--  data for tb_menu
-- ----------------------------
INSERT INTO tb_menu
(code, name, pcode, url, sort, icon)
VALUES
  ('DASHBOARD', '工作台', '', 'index', 0, 'menu-icon fa fa-dashboard'),

  ('SYSTEM', '系统', 'DASHBOARD', 'system', 1, 'menu-icon fa fa-cogs'),
  ('SYSTEM_USER', '用户管理', 'SYSTEM', 'system/user', 0, ''),
  ('SYSTEM_ROLE', '角色管理', 'SYSTEM', 'system/role', 1, ''),
  ('SYSTEM_MENU', '菜单管理', 'SYSTEM', 'system/menu', 2, ''),
  ('SYSTEM_CACHE', '缓存管理', 'SYSTEM', 'system/cache', 3, ''),
  ('SYSTEM_DEFINITION', '部署管理', 'SYSTEM', 'system/definition', 4, ''),
  ('SYSTEM_SQL', '执行脚本', 'SYSTEM', 'system/sql', 5, ''),

  ('MONITOR', '监控', 'DASHBOARD', 'monitor', 3, 'menu-icon fa fa-laptop'),
  ('MONITOR_LOGIN', '登录日志', 'MONITOR', 'monitor/login', 0, ''),
  ('MONITOR_OPERATE', '操作日志', 'MONITOR', 'monitor/operate', 1, ''),

  ('USER', '我的', 'DASHBOARD', 'user', 4, 'menu-icon fa fa-user'),
  ('USER_ACTIVITI', '部署工作流', 'USER', 'user/activiti', 0, ''),
  ('USER_TODO', '我的待办', 'USER', 'user/todo', 1, ''),
  ('USER_DONE', '我的已办', 'USER', 'user/done', 2, ''),
  ('USER_INFO', '基本信息', 'USER', 'user/info', 3, '');

-- ----------------------------
--  data for tb_user_role
-- ----------------------------
INSERT INTO tb_user_role
VALUES
  ('admin', 'ROLE_ADMIN'),
  ('auditor', 'ROLE_AUDITOR'),
  ('guest', 'ROLE_GUEST');

-- ----------------------------
--  data for tb_role_menu
-- ----------------------------
INSERT INTO tb_role_menu SELECT
                           'ROLE_ADMIN',
                           code
                         FROM tb_menu;

INSERT INTO tb_role_menu
(role_code, menu_code)
VALUES
  ('ROLE_AUDITOR', 'DASHBOARD'),
  ('ROLE_AUDITOR', 'USER'),
  ('ROLE_AUDITOR', 'USER_TODO'),
  ('ROLE_AUDITOR', 'USER_DONE'),
  ('ROLE_AUDITOR', 'USER_INFO');


INSERT INTO tb_role_menu
(role_code, menu_code)
VALUES
  ('ROLE_GUEST', 'DASHBOARD'),
  ('ROLE_GUEST', 'USER'),
  ('ROLE_GUEST', 'USER_ACTIVITI'),
  ('ROLE_GUEST', 'USER_INFO');

# activiti

USE activiti;

CREATE TABLE ACT_EVT_LOG
(
  LOG_NR_       BIGINT AUTO_INCREMENT
    PRIMARY KEY,
  TYPE_         VARCHAR(64)                               NULL,
  PROC_DEF_ID_  VARCHAR(64)                               NULL,
  PROC_INST_ID_ VARCHAR(64)                               NULL,
  EXECUTION_ID_ VARCHAR(64)                               NULL,
  TASK_ID_      VARCHAR(64)                               NULL,
  TIME_STAMP_   TIMESTAMP(3) DEFAULT CURRENT_TIMESTAMP(3) NOT NULL,
  USER_ID_      VARCHAR(255)                              NULL,
  DATA_         LONGBLOB                                  NULL,
  LOCK_OWNER_   VARCHAR(255)                              NULL,
  LOCK_TIME_    TIMESTAMP(3)                              NULL,
  IS_PROCESSED_ TINYINT DEFAULT '0'                       NULL
);

CREATE TABLE ACT_GE_BYTEARRAY
(
  ID_            VARCHAR(64)  NOT NULL
    PRIMARY KEY,
  REV_           INT          NULL,
  NAME_          VARCHAR(255) NULL,
  DEPLOYMENT_ID_ VARCHAR(64)  NULL,
  BYTES_         LONGBLOB     NULL,
  GENERATED_     TINYINT      NULL
);

CREATE INDEX ACT_FK_BYTEARR_DEPL
  ON ACT_GE_BYTEARRAY (DEPLOYMENT_ID_);

CREATE TABLE ACT_GE_PROPERTY
(
  NAME_  VARCHAR(64)  NOT NULL
    PRIMARY KEY,
  VALUE_ VARCHAR(300) NULL,
  REV_   INT          NULL
);

CREATE TABLE ACT_HI_ACTINST
(
  ID_                VARCHAR(64)             NOT NULL
    PRIMARY KEY,
  PROC_DEF_ID_       VARCHAR(64)             NOT NULL,
  PROC_INST_ID_      VARCHAR(64)             NOT NULL,
  EXECUTION_ID_      VARCHAR(64)             NOT NULL,
  ACT_ID_            VARCHAR(255)            NOT NULL,
  TASK_ID_           VARCHAR(64)             NULL,
  CALL_PROC_INST_ID_ VARCHAR(64)             NULL,
  ACT_NAME_          VARCHAR(255)            NULL,
  ACT_TYPE_          VARCHAR(255)            NOT NULL,
  ASSIGNEE_          VARCHAR(255)            NULL,
  START_TIME_        DATETIME(3)             NOT NULL,
  END_TIME_          DATETIME(3)             NULL,
  DURATION_          BIGINT                  NULL,
  DELETE_REASON_     VARCHAR(4000)           NULL,
  TENANT_ID_         VARCHAR(255) DEFAULT '' NULL
);

CREATE INDEX ACT_IDX_HI_ACT_INST_END
  ON ACT_HI_ACTINST (END_TIME_);

CREATE INDEX ACT_IDX_HI_ACT_INST_EXEC
  ON ACT_HI_ACTINST (EXECUTION_ID_, ACT_ID_);

CREATE INDEX ACT_IDX_HI_ACT_INST_PROCINST
  ON ACT_HI_ACTINST (PROC_INST_ID_, ACT_ID_);

CREATE INDEX ACT_IDX_HI_ACT_INST_START
  ON ACT_HI_ACTINST (START_TIME_);

CREATE TABLE ACT_HI_ATTACHMENT
(
  ID_           VARCHAR(64)   NOT NULL
    PRIMARY KEY,
  REV_          INT           NULL,
  USER_ID_      VARCHAR(255)  NULL,
  NAME_         VARCHAR(255)  NULL,
  DESCRIPTION_  VARCHAR(4000) NULL,
  TYPE_         VARCHAR(255)  NULL,
  TASK_ID_      VARCHAR(64)   NULL,
  PROC_INST_ID_ VARCHAR(64)   NULL,
  URL_          VARCHAR(4000) NULL,
  CONTENT_ID_   VARCHAR(64)   NULL,
  TIME_         DATETIME(3)   NULL
);

CREATE TABLE ACT_HI_COMMENT
(
  ID_           VARCHAR(64)   NOT NULL
    PRIMARY KEY,
  TYPE_         VARCHAR(255)  NULL,
  TIME_         DATETIME(3)   NOT NULL,
  USER_ID_      VARCHAR(255)  NULL,
  TASK_ID_      VARCHAR(64)   NULL,
  PROC_INST_ID_ VARCHAR(64)   NULL,
  ACTION_       VARCHAR(255)  NULL,
  MESSAGE_      VARCHAR(4000) NULL,
  FULL_MSG_     LONGBLOB      NULL
);

CREATE TABLE ACT_HI_DETAIL
(
  ID_           VARCHAR(64)   NOT NULL
    PRIMARY KEY,
  TYPE_         VARCHAR(255)  NOT NULL,
  PROC_INST_ID_ VARCHAR(64)   NULL,
  EXECUTION_ID_ VARCHAR(64)   NULL,
  TASK_ID_      VARCHAR(64)   NULL,
  ACT_INST_ID_  VARCHAR(64)   NULL,
  NAME_         VARCHAR(255)  NOT NULL,
  VAR_TYPE_     VARCHAR(255)  NULL,
  REV_          INT           NULL,
  TIME_         DATETIME(3)   NOT NULL,
  BYTEARRAY_ID_ VARCHAR(64)   NULL,
  DOUBLE_       DOUBLE        NULL,
  LONG_         BIGINT        NULL,
  TEXT_         VARCHAR(4000) NULL,
  TEXT2_        VARCHAR(4000) NULL
);

CREATE INDEX ACT_IDX_HI_DETAIL_ACT_INST
  ON ACT_HI_DETAIL (ACT_INST_ID_);

CREATE INDEX ACT_IDX_HI_DETAIL_NAME
  ON ACT_HI_DETAIL (NAME_);

CREATE INDEX ACT_IDX_HI_DETAIL_PROC_INST
  ON ACT_HI_DETAIL (PROC_INST_ID_);

CREATE INDEX ACT_IDX_HI_DETAIL_TASK_ID
  ON ACT_HI_DETAIL (TASK_ID_);

CREATE INDEX ACT_IDX_HI_DETAIL_TIME
  ON ACT_HI_DETAIL (TIME_);

CREATE TABLE ACT_HI_IDENTITYLINK
(
  ID_           VARCHAR(64)  NOT NULL
    PRIMARY KEY,
  GROUP_ID_     VARCHAR(255) NULL,
  TYPE_         VARCHAR(255) NULL,
  USER_ID_      VARCHAR(255) NULL,
  TASK_ID_      VARCHAR(64)  NULL,
  PROC_INST_ID_ VARCHAR(64)  NULL
);

CREATE INDEX ACT_IDX_HI_IDENT_LNK_PROCINST
  ON ACT_HI_IDENTITYLINK (PROC_INST_ID_);

CREATE INDEX ACT_IDX_HI_IDENT_LNK_TASK
  ON ACT_HI_IDENTITYLINK (TASK_ID_);

CREATE INDEX ACT_IDX_HI_IDENT_LNK_USER
  ON ACT_HI_IDENTITYLINK (USER_ID_);

CREATE TABLE ACT_HI_PROCINST
(
  ID_                        VARCHAR(64)             NOT NULL
    PRIMARY KEY,
  PROC_INST_ID_              VARCHAR(64)             NOT NULL,
  BUSINESS_KEY_              VARCHAR(255)            NULL,
  PROC_DEF_ID_               VARCHAR(64)             NOT NULL,
  START_TIME_                DATETIME(3)             NOT NULL,
  END_TIME_                  DATETIME(3)             NULL,
  DURATION_                  BIGINT                  NULL,
  START_USER_ID_             VARCHAR(255)            NULL,
  START_ACT_ID_              VARCHAR(255)            NULL,
  END_ACT_ID_                VARCHAR(255)            NULL,
  SUPER_PROCESS_INSTANCE_ID_ VARCHAR(64)             NULL,
  DELETE_REASON_             VARCHAR(4000)           NULL,
  TENANT_ID_                 VARCHAR(255) DEFAULT '' NULL,
  NAME_                      VARCHAR(255)            NULL,
  CONSTRAINT PROC_INST_ID_
  UNIQUE (PROC_INST_ID_)
);

CREATE INDEX ACT_IDX_HI_PRO_INST_END
  ON ACT_HI_PROCINST (END_TIME_);

CREATE INDEX ACT_IDX_HI_PRO_I_BUSKEY
  ON ACT_HI_PROCINST (BUSINESS_KEY_);

CREATE TABLE ACT_HI_TASKINST
(
  ID_             VARCHAR(64)             NOT NULL
    PRIMARY KEY,
  PROC_DEF_ID_    VARCHAR(64)             NULL,
  TASK_DEF_KEY_   VARCHAR(255)            NULL,
  PROC_INST_ID_   VARCHAR(64)             NULL,
  EXECUTION_ID_   VARCHAR(64)             NULL,
  NAME_           VARCHAR(255)            NULL,
  PARENT_TASK_ID_ VARCHAR(64)             NULL,
  DESCRIPTION_    VARCHAR(4000)           NULL,
  OWNER_          VARCHAR(255)            NULL,
  ASSIGNEE_       VARCHAR(255)            NULL,
  START_TIME_     DATETIME(3)             NOT NULL,
  CLAIM_TIME_     DATETIME(3)             NULL,
  END_TIME_       DATETIME(3)             NULL,
  DURATION_       BIGINT                  NULL,
  DELETE_REASON_  VARCHAR(4000)           NULL,
  PRIORITY_       INT                     NULL,
  DUE_DATE_       DATETIME(3)             NULL,
  FORM_KEY_       VARCHAR(255)            NULL,
  CATEGORY_       VARCHAR(255)            NULL,
  TENANT_ID_      VARCHAR(255) DEFAULT '' NULL
);

CREATE INDEX ACT_IDX_HI_TASK_INST_PROCINST
  ON ACT_HI_TASKINST (PROC_INST_ID_);

CREATE TABLE ACT_HI_VARINST
(
  ID_                VARCHAR(64)   NOT NULL
    PRIMARY KEY,
  PROC_INST_ID_      VARCHAR(64)   NULL,
  EXECUTION_ID_      VARCHAR(64)   NULL,
  TASK_ID_           VARCHAR(64)   NULL,
  NAME_              VARCHAR(255)  NOT NULL,
  VAR_TYPE_          VARCHAR(100)  NULL,
  REV_               INT           NULL,
  BYTEARRAY_ID_      VARCHAR(64)   NULL,
  DOUBLE_            DOUBLE        NULL,
  LONG_              BIGINT        NULL,
  TEXT_              VARCHAR(4000) NULL,
  TEXT2_             VARCHAR(4000) NULL,
  CREATE_TIME_       DATETIME(3)   NULL,
  LAST_UPDATED_TIME_ DATETIME(3)   NULL
);

CREATE INDEX ACT_IDX_HI_PROCVAR_NAME_TYPE
  ON ACT_HI_VARINST (NAME_, VAR_TYPE_);

CREATE INDEX ACT_IDX_HI_PROCVAR_PROC_INST
  ON ACT_HI_VARINST (PROC_INST_ID_);

CREATE INDEX ACT_IDX_HI_PROCVAR_TASK_ID
  ON ACT_HI_VARINST (TASK_ID_);

CREATE TABLE ACT_ID_GROUP
(
  ID_   VARCHAR(64)  NOT NULL
    PRIMARY KEY,
  REV_  INT          NULL,
  NAME_ VARCHAR(255) NULL,
  TYPE_ VARCHAR(255) NULL
);

CREATE TABLE ACT_ID_INFO
(
  ID_        VARCHAR(64)  NOT NULL
    PRIMARY KEY,
  REV_       INT          NULL,
  USER_ID_   VARCHAR(64)  NULL,
  TYPE_      VARCHAR(64)  NULL,
  KEY_       VARCHAR(255) NULL,
  VALUE_     VARCHAR(255) NULL,
  PASSWORD_  LONGBLOB     NULL,
  PARENT_ID_ VARCHAR(255) NULL
);

CREATE TABLE ACT_ID_MEMBERSHIP
(
  USER_ID_  VARCHAR(64) NOT NULL,
  GROUP_ID_ VARCHAR(64) NOT NULL,
  PRIMARY KEY (USER_ID_, GROUP_ID_),
  CONSTRAINT ACT_FK_MEMB_GROUP
  FOREIGN KEY (GROUP_ID_) REFERENCES ACT_ID_GROUP (ID_)
);

CREATE INDEX ACT_FK_MEMB_GROUP
  ON ACT_ID_MEMBERSHIP (GROUP_ID_);

CREATE TABLE ACT_ID_USER
(
  ID_         VARCHAR(64)  NOT NULL
    PRIMARY KEY,
  REV_        INT          NULL,
  FIRST_      VARCHAR(255) NULL,
  LAST_       VARCHAR(255) NULL,
  EMAIL_      VARCHAR(255) NULL,
  PWD_        VARCHAR(255) NULL,
  PICTURE_ID_ VARCHAR(64)  NULL
);

ALTER TABLE ACT_ID_MEMBERSHIP
  ADD CONSTRAINT ACT_FK_MEMB_USER
FOREIGN KEY (USER_ID_) REFERENCES ACT_ID_USER (ID_);

CREATE TABLE ACT_PROCDEF_INFO
(
  ID_           VARCHAR(64) NOT NULL
    PRIMARY KEY,
  PROC_DEF_ID_  VARCHAR(64) NOT NULL,
  REV_          INT         NULL,
  INFO_JSON_ID_ VARCHAR(64) NULL,
  CONSTRAINT ACT_UNIQ_INFO_PROCDEF
  UNIQUE (PROC_DEF_ID_),
  CONSTRAINT ACT_FK_INFO_JSON_BA
  FOREIGN KEY (INFO_JSON_ID_) REFERENCES ACT_GE_BYTEARRAY (ID_)
);

CREATE INDEX ACT_FK_INFO_JSON_BA
  ON ACT_PROCDEF_INFO (INFO_JSON_ID_);

CREATE INDEX ACT_IDX_INFO_PROCDEF
  ON ACT_PROCDEF_INFO (PROC_DEF_ID_);

CREATE TABLE ACT_RE_DEPLOYMENT
(
  ID_             VARCHAR(64)             NOT NULL
    PRIMARY KEY,
  NAME_           VARCHAR(255)            NULL,
  CATEGORY_       VARCHAR(255)            NULL,
  KEY_            VARCHAR(255)            NULL,
  TENANT_ID_      VARCHAR(255) DEFAULT '' NULL,
  DEPLOY_TIME_    TIMESTAMP(3)            NULL,
  ENGINE_VERSION_ VARCHAR(255)            NULL
);

ALTER TABLE ACT_GE_BYTEARRAY
  ADD CONSTRAINT ACT_FK_BYTEARR_DEPL
FOREIGN KEY (DEPLOYMENT_ID_) REFERENCES ACT_RE_DEPLOYMENT (ID_);

CREATE TABLE ACT_RE_MODEL
(
  ID_                           VARCHAR(64)             NOT NULL
    PRIMARY KEY,
  REV_                          INT                     NULL,
  NAME_                         VARCHAR(255)            NULL,
  KEY_                          VARCHAR(255)            NULL,
  CATEGORY_                     VARCHAR(255)            NULL,
  CREATE_TIME_                  TIMESTAMP(3)            NULL,
  LAST_UPDATE_TIME_             TIMESTAMP(3)            NULL,
  VERSION_                      INT                     NULL,
  META_INFO_                    VARCHAR(4000)           NULL,
  DEPLOYMENT_ID_                VARCHAR(64)             NULL,
  EDITOR_SOURCE_VALUE_ID_       VARCHAR(64)             NULL,
  EDITOR_SOURCE_EXTRA_VALUE_ID_ VARCHAR(64)             NULL,
  TENANT_ID_                    VARCHAR(255) DEFAULT '' NULL,
  CONSTRAINT ACT_FK_MODEL_DEPLOYMENT
  FOREIGN KEY (DEPLOYMENT_ID_) REFERENCES ACT_RE_DEPLOYMENT (ID_),
  CONSTRAINT ACT_FK_MODEL_SOURCE
  FOREIGN KEY (EDITOR_SOURCE_VALUE_ID_) REFERENCES ACT_GE_BYTEARRAY (ID_),
  CONSTRAINT ACT_FK_MODEL_SOURCE_EXTRA
  FOREIGN KEY (EDITOR_SOURCE_EXTRA_VALUE_ID_) REFERENCES ACT_GE_BYTEARRAY (ID_)
);

CREATE INDEX ACT_FK_MODEL_DEPLOYMENT
  ON ACT_RE_MODEL (DEPLOYMENT_ID_);

CREATE INDEX ACT_FK_MODEL_SOURCE
  ON ACT_RE_MODEL (EDITOR_SOURCE_VALUE_ID_);

CREATE INDEX ACT_FK_MODEL_SOURCE_EXTRA
  ON ACT_RE_MODEL (EDITOR_SOURCE_EXTRA_VALUE_ID_);

CREATE TABLE ACT_RE_PROCDEF
(
  ID_                     VARCHAR(64)             NOT NULL
    PRIMARY KEY,
  REV_                    INT                     NULL,
  CATEGORY_               VARCHAR(255)            NULL,
  NAME_                   VARCHAR(255)            NULL,
  KEY_                    VARCHAR(255)            NOT NULL,
  VERSION_                INT                     NOT NULL,
  DEPLOYMENT_ID_          VARCHAR(64)             NULL,
  RESOURCE_NAME_          VARCHAR(4000)           NULL,
  DGRM_RESOURCE_NAME_     VARCHAR(4000)           NULL,
  DESCRIPTION_            VARCHAR(4000)           NULL,
  HAS_START_FORM_KEY_     TINYINT                 NULL,
  HAS_GRAPHICAL_NOTATION_ TINYINT                 NULL,
  SUSPENSION_STATE_       INT                     NULL,
  TENANT_ID_              VARCHAR(255) DEFAULT '' NULL,
  ENGINE_VERSION_         VARCHAR(255)            NULL,
  CONSTRAINT ACT_UNIQ_PROCDEF
  UNIQUE (KEY_, VERSION_, TENANT_ID_)
);

ALTER TABLE ACT_PROCDEF_INFO
  ADD CONSTRAINT ACT_FK_INFO_PROCDEF
FOREIGN KEY (PROC_DEF_ID_) REFERENCES ACT_RE_PROCDEF (ID_);

CREATE TABLE ACT_RU_DEADLETTER_JOB
(
  ID_                  VARCHAR(64)             NOT NULL
    PRIMARY KEY,
  REV_                 INT                     NULL,
  TYPE_                VARCHAR(255)            NOT NULL,
  EXCLUSIVE_           TINYINT(1)              NULL,
  EXECUTION_ID_        VARCHAR(64)             NULL,
  PROCESS_INSTANCE_ID_ VARCHAR(64)             NULL,
  PROC_DEF_ID_         VARCHAR(64)             NULL,
  EXCEPTION_STACK_ID_  VARCHAR(64)             NULL,
  EXCEPTION_MSG_       VARCHAR(4000)           NULL,
  DUEDATE_             TIMESTAMP(3)            NULL,
  REPEAT_              VARCHAR(255)            NULL,
  HANDLER_TYPE_        VARCHAR(255)            NULL,
  HANDLER_CFG_         VARCHAR(4000)           NULL,
  TENANT_ID_           VARCHAR(255) DEFAULT '' NULL,
  CONSTRAINT ACT_FK_DEADLETTER_JOB_PROC_DEF
  FOREIGN KEY (PROC_DEF_ID_) REFERENCES ACT_RE_PROCDEF (ID_),
  CONSTRAINT ACT_FK_DEADLETTER_JOB_EXCEPTION
  FOREIGN KEY (EXCEPTION_STACK_ID_) REFERENCES ACT_GE_BYTEARRAY (ID_)
);

CREATE INDEX ACT_FK_DEADLETTER_JOB_EXCEPTION
  ON ACT_RU_DEADLETTER_JOB (EXCEPTION_STACK_ID_);

CREATE INDEX ACT_FK_DEADLETTER_JOB_EXECUTION
  ON ACT_RU_DEADLETTER_JOB (EXECUTION_ID_);

CREATE INDEX ACT_FK_DEADLETTER_JOB_PROCESS_INSTANCE
  ON ACT_RU_DEADLETTER_JOB (PROCESS_INSTANCE_ID_);

CREATE INDEX ACT_FK_DEADLETTER_JOB_PROC_DEF
  ON ACT_RU_DEADLETTER_JOB (PROC_DEF_ID_);

CREATE TABLE ACT_RU_EVENT_SUBSCR
(
  ID_            VARCHAR(64)                               NOT NULL
    PRIMARY KEY,
  REV_           INT                                       NULL,
  EVENT_TYPE_    VARCHAR(255)                              NOT NULL,
  EVENT_NAME_    VARCHAR(255)                              NULL,
  EXECUTION_ID_  VARCHAR(64)                               NULL,
  PROC_INST_ID_  VARCHAR(64)                               NULL,
  ACTIVITY_ID_   VARCHAR(64)                               NULL,
  CONFIGURATION_ VARCHAR(255)                              NULL,
  CREATED_       TIMESTAMP(3) DEFAULT CURRENT_TIMESTAMP(3) NOT NULL,
  PROC_DEF_ID_   VARCHAR(64)                               NULL,
  TENANT_ID_     VARCHAR(255) DEFAULT ''                   NULL
);

CREATE INDEX ACT_FK_EVENT_EXEC
  ON ACT_RU_EVENT_SUBSCR (EXECUTION_ID_);

CREATE INDEX ACT_IDX_EVENT_SUBSCR_CONFIG_
  ON ACT_RU_EVENT_SUBSCR (CONFIGURATION_);

CREATE TABLE ACT_RU_EXECUTION
(
  ID_                   VARCHAR(64)             NOT NULL
    PRIMARY KEY,
  REV_                  INT                     NULL,
  PROC_INST_ID_         VARCHAR(64)             NULL,
  BUSINESS_KEY_         VARCHAR(255)            NULL,
  PARENT_ID_            VARCHAR(64)             NULL,
  PROC_DEF_ID_          VARCHAR(64)             NULL,
  SUPER_EXEC_           VARCHAR(64)             NULL,
  ROOT_PROC_INST_ID_    VARCHAR(64)             NULL,
  ACT_ID_               VARCHAR(255)            NULL,
  IS_ACTIVE_            TINYINT                 NULL,
  IS_CONCURRENT_        TINYINT                 NULL,
  IS_SCOPE_             TINYINT                 NULL,
  IS_EVENT_SCOPE_       TINYINT                 NULL,
  IS_MI_ROOT_           TINYINT                 NULL,
  SUSPENSION_STATE_     INT                     NULL,
  CACHED_ENT_STATE_     INT                     NULL,
  TENANT_ID_            VARCHAR(255) DEFAULT '' NULL,
  NAME_                 VARCHAR(255)            NULL,
  START_TIME_           DATETIME(3)             NULL,
  START_USER_ID_        VARCHAR(255)            NULL,
  LOCK_TIME_            TIMESTAMP(3)            NULL,
  IS_COUNT_ENABLED_     TINYINT                 NULL,
  EVT_SUBSCR_COUNT_     INT                     NULL,
  TASK_COUNT_           INT                     NULL,
  JOB_COUNT_            INT                     NULL,
  TIMER_JOB_COUNT_      INT                     NULL,
  SUSP_JOB_COUNT_       INT                     NULL,
  DEADLETTER_JOB_COUNT_ INT                     NULL,
  VAR_COUNT_            INT                     NULL,
  ID_LINK_COUNT_        INT                     NULL,
  CONSTRAINT ACT_FK_EXE_PROCINST
  FOREIGN KEY (PROC_INST_ID_) REFERENCES ACT_RU_EXECUTION (ID_)
    ON UPDATE CASCADE
    ON DELETE CASCADE,
  CONSTRAINT ACT_FK_EXE_PARENT
  FOREIGN KEY (PARENT_ID_) REFERENCES ACT_RU_EXECUTION (ID_)
    ON DELETE CASCADE,
  CONSTRAINT ACT_FK_EXE_PROCDEF
  FOREIGN KEY (PROC_DEF_ID_) REFERENCES ACT_RE_PROCDEF (ID_),
  CONSTRAINT ACT_FK_EXE_SUPER
  FOREIGN KEY (SUPER_EXEC_) REFERENCES ACT_RU_EXECUTION (ID_)
    ON DELETE CASCADE
);

CREATE INDEX ACT_FK_EXE_PARENT
  ON ACT_RU_EXECUTION (PARENT_ID_);

CREATE INDEX ACT_FK_EXE_PROCDEF
  ON ACT_RU_EXECUTION (PROC_DEF_ID_);

CREATE INDEX ACT_FK_EXE_PROCINST
  ON ACT_RU_EXECUTION (PROC_INST_ID_);

CREATE INDEX ACT_FK_EXE_SUPER
  ON ACT_RU_EXECUTION (SUPER_EXEC_);

CREATE INDEX ACT_IDC_EXEC_ROOT
  ON ACT_RU_EXECUTION (ROOT_PROC_INST_ID_);

CREATE INDEX ACT_IDX_EXEC_BUSKEY
  ON ACT_RU_EXECUTION (BUSINESS_KEY_);

ALTER TABLE ACT_RU_DEADLETTER_JOB
  ADD CONSTRAINT ACT_FK_DEADLETTER_JOB_EXECUTION
FOREIGN KEY (EXECUTION_ID_) REFERENCES ACT_RU_EXECUTION (ID_);

ALTER TABLE ACT_RU_DEADLETTER_JOB
  ADD CONSTRAINT ACT_FK_DEADLETTER_JOB_PROCESS_INSTANCE
FOREIGN KEY (PROCESS_INSTANCE_ID_) REFERENCES ACT_RU_EXECUTION (ID_);

ALTER TABLE ACT_RU_EVENT_SUBSCR
  ADD CONSTRAINT ACT_FK_EVENT_EXEC
FOREIGN KEY (EXECUTION_ID_) REFERENCES ACT_RU_EXECUTION (ID_);

CREATE TABLE ACT_RU_IDENTITYLINK
(
  ID_           VARCHAR(64)  NOT NULL
    PRIMARY KEY,
  REV_          INT          NULL,
  GROUP_ID_     VARCHAR(255) NULL,
  TYPE_         VARCHAR(255) NULL,
  USER_ID_      VARCHAR(255) NULL,
  TASK_ID_      VARCHAR(64)  NULL,
  PROC_INST_ID_ VARCHAR(64)  NULL,
  PROC_DEF_ID_  VARCHAR(64)  NULL,
  CONSTRAINT ACT_FK_IDL_PROCINST
  FOREIGN KEY (PROC_INST_ID_) REFERENCES ACT_RU_EXECUTION (ID_),
  CONSTRAINT ACT_FK_ATHRZ_PROCEDEF
  FOREIGN KEY (PROC_DEF_ID_) REFERENCES ACT_RE_PROCDEF (ID_)
);

CREATE INDEX ACT_FK_IDL_PROCINST
  ON ACT_RU_IDENTITYLINK (PROC_INST_ID_);

CREATE INDEX ACT_FK_TSKASS_TASK
  ON ACT_RU_IDENTITYLINK (TASK_ID_);

CREATE INDEX ACT_IDX_ATHRZ_PROCEDEF
  ON ACT_RU_IDENTITYLINK (PROC_DEF_ID_);

CREATE INDEX ACT_IDX_IDENT_LNK_GROUP
  ON ACT_RU_IDENTITYLINK (GROUP_ID_);

CREATE INDEX ACT_IDX_IDENT_LNK_USER
  ON ACT_RU_IDENTITYLINK (USER_ID_);

CREATE TABLE ACT_RU_JOB
(
  ID_                  VARCHAR(64)             NOT NULL
    PRIMARY KEY,
  REV_                 INT                     NULL,
  TYPE_                VARCHAR(255)            NOT NULL,
  LOCK_EXP_TIME_       TIMESTAMP(3)            NULL,
  LOCK_OWNER_          VARCHAR(255)            NULL,
  EXCLUSIVE_           TINYINT(1)              NULL,
  EXECUTION_ID_        VARCHAR(64)             NULL,
  PROCESS_INSTANCE_ID_ VARCHAR(64)             NULL,
  PROC_DEF_ID_         VARCHAR(64)             NULL,
  RETRIES_             INT                     NULL,
  EXCEPTION_STACK_ID_  VARCHAR(64)             NULL,
  EXCEPTION_MSG_       VARCHAR(4000)           NULL,
  DUEDATE_             TIMESTAMP(3)            NULL,
  REPEAT_              VARCHAR(255)            NULL,
  HANDLER_TYPE_        VARCHAR(255)            NULL,
  HANDLER_CFG_         VARCHAR(4000)           NULL,
  TENANT_ID_           VARCHAR(255) DEFAULT '' NULL,
  CONSTRAINT ACT_FK_JOB_EXECUTION
  FOREIGN KEY (EXECUTION_ID_) REFERENCES ACT_RU_EXECUTION (ID_),
  CONSTRAINT ACT_FK_JOB_PROCESS_INSTANCE
  FOREIGN KEY (PROCESS_INSTANCE_ID_) REFERENCES ACT_RU_EXECUTION (ID_),
  CONSTRAINT ACT_FK_JOB_PROC_DEF
  FOREIGN KEY (PROC_DEF_ID_) REFERENCES ACT_RE_PROCDEF (ID_),
  CONSTRAINT ACT_FK_JOB_EXCEPTION
  FOREIGN KEY (EXCEPTION_STACK_ID_) REFERENCES ACT_GE_BYTEARRAY (ID_)
);

CREATE INDEX ACT_FK_JOB_EXCEPTION
  ON ACT_RU_JOB (EXCEPTION_STACK_ID_);

CREATE INDEX ACT_FK_JOB_EXECUTION
  ON ACT_RU_JOB (EXECUTION_ID_);

CREATE INDEX ACT_FK_JOB_PROCESS_INSTANCE
  ON ACT_RU_JOB (PROCESS_INSTANCE_ID_);

CREATE INDEX ACT_FK_JOB_PROC_DEF
  ON ACT_RU_JOB (PROC_DEF_ID_);

CREATE TABLE ACT_RU_SUSPENDED_JOB
(
  ID_                  VARCHAR(64)             NOT NULL
    PRIMARY KEY,
  REV_                 INT                     NULL,
  TYPE_                VARCHAR(255)            NOT NULL,
  EXCLUSIVE_           TINYINT(1)              NULL,
  EXECUTION_ID_        VARCHAR(64)             NULL,
  PROCESS_INSTANCE_ID_ VARCHAR(64)             NULL,
  PROC_DEF_ID_         VARCHAR(64)             NULL,
  RETRIES_             INT                     NULL,
  EXCEPTION_STACK_ID_  VARCHAR(64)             NULL,
  EXCEPTION_MSG_       VARCHAR(4000)           NULL,
  DUEDATE_             TIMESTAMP(3)            NULL,
  REPEAT_              VARCHAR(255)            NULL,
  HANDLER_TYPE_        VARCHAR(255)            NULL,
  HANDLER_CFG_         VARCHAR(4000)           NULL,
  TENANT_ID_           VARCHAR(255) DEFAULT '' NULL,
  CONSTRAINT ACT_FK_SUSPENDED_JOB_EXECUTION
  FOREIGN KEY (EXECUTION_ID_) REFERENCES ACT_RU_EXECUTION (ID_),
  CONSTRAINT ACT_FK_SUSPENDED_JOB_PROCESS_INSTANCE
  FOREIGN KEY (PROCESS_INSTANCE_ID_) REFERENCES ACT_RU_EXECUTION (ID_),
  CONSTRAINT ACT_FK_SUSPENDED_JOB_PROC_DEF
  FOREIGN KEY (PROC_DEF_ID_) REFERENCES ACT_RE_PROCDEF (ID_),
  CONSTRAINT ACT_FK_SUSPENDED_JOB_EXCEPTION
  FOREIGN KEY (EXCEPTION_STACK_ID_) REFERENCES ACT_GE_BYTEARRAY (ID_)
);

CREATE INDEX ACT_FK_SUSPENDED_JOB_EXCEPTION
  ON ACT_RU_SUSPENDED_JOB (EXCEPTION_STACK_ID_);

CREATE INDEX ACT_FK_SUSPENDED_JOB_EXECUTION
  ON ACT_RU_SUSPENDED_JOB (EXECUTION_ID_);

CREATE INDEX ACT_FK_SUSPENDED_JOB_PROCESS_INSTANCE
  ON ACT_RU_SUSPENDED_JOB (PROCESS_INSTANCE_ID_);

CREATE INDEX ACT_FK_SUSPENDED_JOB_PROC_DEF
  ON ACT_RU_SUSPENDED_JOB (PROC_DEF_ID_);

CREATE TABLE ACT_RU_TASK
(
  ID_               VARCHAR(64)             NOT NULL
    PRIMARY KEY,
  REV_              INT                     NULL,
  EXECUTION_ID_     VARCHAR(64)             NULL,
  PROC_INST_ID_     VARCHAR(64)             NULL,
  PROC_DEF_ID_      VARCHAR(64)             NULL,
  NAME_             VARCHAR(255)            NULL,
  PARENT_TASK_ID_   VARCHAR(64)             NULL,
  DESCRIPTION_      VARCHAR(4000)           NULL,
  TASK_DEF_KEY_     VARCHAR(255)            NULL,
  OWNER_            VARCHAR(255)            NULL,
  ASSIGNEE_         VARCHAR(255)            NULL,
  DELEGATION_       VARCHAR(64)             NULL,
  PRIORITY_         INT                     NULL,
  CREATE_TIME_      TIMESTAMP(3)            NULL,
  DUE_DATE_         DATETIME(3)             NULL,
  CATEGORY_         VARCHAR(255)            NULL,
  SUSPENSION_STATE_ INT                     NULL,
  TENANT_ID_        VARCHAR(255) DEFAULT '' NULL,
  FORM_KEY_         VARCHAR(255)            NULL,
  CLAIM_TIME_       DATETIME(3)             NULL,
  CONSTRAINT ACT_FK_TASK_EXE
  FOREIGN KEY (EXECUTION_ID_) REFERENCES ACT_RU_EXECUTION (ID_),
  CONSTRAINT ACT_FK_TASK_PROCINST
  FOREIGN KEY (PROC_INST_ID_) REFERENCES ACT_RU_EXECUTION (ID_),
  CONSTRAINT ACT_FK_TASK_PROCDEF
  FOREIGN KEY (PROC_DEF_ID_) REFERENCES ACT_RE_PROCDEF (ID_)
);

CREATE INDEX ACT_FK_TASK_EXE
  ON ACT_RU_TASK (EXECUTION_ID_);

CREATE INDEX ACT_FK_TASK_PROCDEF
  ON ACT_RU_TASK (PROC_DEF_ID_);

CREATE INDEX ACT_FK_TASK_PROCINST
  ON ACT_RU_TASK (PROC_INST_ID_);

CREATE INDEX ACT_IDX_TASK_CREATE
  ON ACT_RU_TASK (CREATE_TIME_);

ALTER TABLE ACT_RU_IDENTITYLINK
  ADD CONSTRAINT ACT_FK_TSKASS_TASK
FOREIGN KEY (TASK_ID_) REFERENCES ACT_RU_TASK (ID_);

CREATE TABLE ACT_RU_TIMER_JOB
(
  ID_                  VARCHAR(64)             NOT NULL
    PRIMARY KEY,
  REV_                 INT                     NULL,
  TYPE_                VARCHAR(255)            NOT NULL,
  LOCK_EXP_TIME_       TIMESTAMP(3)            NULL,
  LOCK_OWNER_          VARCHAR(255)            NULL,
  EXCLUSIVE_           TINYINT(1)              NULL,
  EXECUTION_ID_        VARCHAR(64)             NULL,
  PROCESS_INSTANCE_ID_ VARCHAR(64)             NULL,
  PROC_DEF_ID_         VARCHAR(64)             NULL,
  RETRIES_             INT                     NULL,
  EXCEPTION_STACK_ID_  VARCHAR(64)             NULL,
  EXCEPTION_MSG_       VARCHAR(4000)           NULL,
  DUEDATE_             TIMESTAMP(3)            NULL,
  REPEAT_              VARCHAR(255)            NULL,
  HANDLER_TYPE_        VARCHAR(255)            NULL,
  HANDLER_CFG_         VARCHAR(4000)           NULL,
  TENANT_ID_           VARCHAR(255) DEFAULT '' NULL,
  CONSTRAINT ACT_FK_TIMER_JOB_EXECUTION
  FOREIGN KEY (EXECUTION_ID_) REFERENCES ACT_RU_EXECUTION (ID_),
  CONSTRAINT ACT_FK_TIMER_JOB_PROCESS_INSTANCE
  FOREIGN KEY (PROCESS_INSTANCE_ID_) REFERENCES ACT_RU_EXECUTION (ID_),
  CONSTRAINT ACT_FK_TIMER_JOB_PROC_DEF
  FOREIGN KEY (PROC_DEF_ID_) REFERENCES ACT_RE_PROCDEF (ID_),
  CONSTRAINT ACT_FK_TIMER_JOB_EXCEPTION
  FOREIGN KEY (EXCEPTION_STACK_ID_) REFERENCES ACT_GE_BYTEARRAY (ID_)
);

CREATE INDEX ACT_FK_TIMER_JOB_EXCEPTION
  ON ACT_RU_TIMER_JOB (EXCEPTION_STACK_ID_);

CREATE INDEX ACT_FK_TIMER_JOB_EXECUTION
  ON ACT_RU_TIMER_JOB (EXECUTION_ID_);

CREATE INDEX ACT_FK_TIMER_JOB_PROCESS_INSTANCE
  ON ACT_RU_TIMER_JOB (PROCESS_INSTANCE_ID_);

CREATE INDEX ACT_FK_TIMER_JOB_PROC_DEF
  ON ACT_RU_TIMER_JOB (PROC_DEF_ID_);

CREATE TABLE ACT_RU_VARIABLE
(
  ID_           VARCHAR(64)   NOT NULL
    PRIMARY KEY,
  REV_          INT           NULL,
  TYPE_         VARCHAR(255)  NOT NULL,
  NAME_         VARCHAR(255)  NOT NULL,
  EXECUTION_ID_ VARCHAR(64)   NULL,
  PROC_INST_ID_ VARCHAR(64)   NULL,
  TASK_ID_      VARCHAR(64)   NULL,
  BYTEARRAY_ID_ VARCHAR(64)   NULL,
  DOUBLE_       DOUBLE        NULL,
  LONG_         BIGINT        NULL,
  TEXT_         VARCHAR(4000) NULL,
  TEXT2_        VARCHAR(4000) NULL,
  CONSTRAINT ACT_FK_VAR_EXE
  FOREIGN KEY (EXECUTION_ID_) REFERENCES ACT_RU_EXECUTION (ID_),
  CONSTRAINT ACT_FK_VAR_PROCINST
  FOREIGN KEY (PROC_INST_ID_) REFERENCES ACT_RU_EXECUTION (ID_),
  CONSTRAINT ACT_FK_VAR_BYTEARRAY
  FOREIGN KEY (BYTEARRAY_ID_) REFERENCES ACT_GE_BYTEARRAY (ID_)
);

CREATE INDEX ACT_FK_VAR_BYTEARRAY
  ON ACT_RU_VARIABLE (BYTEARRAY_ID_);

CREATE INDEX ACT_FK_VAR_EXE
  ON ACT_RU_VARIABLE (EXECUTION_ID_);

CREATE INDEX ACT_FK_VAR_PROCINST
  ON ACT_RU_VARIABLE (PROC_INST_ID_);

CREATE INDEX ACT_IDX_VARIABLE_TASK_ID
  ON ACT_RU_VARIABLE (TASK_ID_);


INSERT INTO activiti.ACT_GE_PROPERTY (NAME_, VALUE_, REV_) VALUES ('cfg.execution-related-entities-count', 'false', 1);
INSERT INTO activiti.ACT_GE_PROPERTY (NAME_, VALUE_, REV_) VALUES ('next.dbid', '2501', 2);
INSERT INTO activiti.ACT_GE_PROPERTY (NAME_, VALUE_, REV_) VALUES ('schema.history', 'create(6.0.0.4)', 1);
INSERT INTO activiti.ACT_GE_PROPERTY (NAME_, VALUE_, REV_) VALUES ('schema.version', '6.0.0.4', 1);

INSERT INTO activiti.ACT_RE_DEPLOYMENT (ID_, NAME_, CATEGORY_, KEY_, TENANT_ID_, DEPLOY_TIME_, ENGINE_VERSION_)
VALUES ('1', NULL, NULL, NULL, '', '2018-04-10 16:00:34.293', NULL);
INSERT INTO activiti.ACT_RE_PROCDEF (ID_, REV_, CATEGORY_, NAME_, KEY_, VERSION_, DEPLOYMENT_ID_, RESOURCE_NAME_, DGRM_RESOURCE_NAME_, DESCRIPTION_, HAS_START_FORM_KEY_, HAS_GRAPHICAL_NOTATION_, SUSPENSION_STATE_, TENANT_ID_, ENGINE_VERSION_)
VALUES
  ('audit_process:1:4', 1, 'http://www.activiti.org/test', '流程部署审批', 'audit_process', 1, '1', 'audit.bpmn', 'audit.png',
                        NULL, 0, 1, 1, '', NULL);

INSERT INTO activiti.ACT_GE_BYTEARRAY (ID_, REV_, NAME_, DEPLOYMENT_ID_, BYTES_, GENERATED_) VALUES
  ('2', 1, 'audit.bpmn', '1',
   0x3C3F786D6C2076657273696F6E3D22312E302220656E636F64696E673D225554462D3822207374616E64616C6F6E653D22796573223F3E0D0A3C646566696E6974696F6E7320786D6C6E733D22687474703A2F2F7777772E6F6D672E6F72672F737065632F42504D4E2F32303130303532342F4D4F44454C2220786D6C6E733A61637469766974693D22687474703A2F2F61637469766974692E6F72672F62706D6E2220786D6C6E733A62706D6E64693D22687474703A2F2F7777772E6F6D672E6F72672F737065632F42504D4E2F32303130303532342F44492220786D6C6E733A6F6D6764633D22687474703A2F2F7777772E6F6D672E6F72672F737065632F44442F32303130303532342F44432220786D6C6E733A6F6D6764693D22687474703A2F2F7777772E6F6D672E6F72672F737065632F44442F32303130303532342F44492220786D6C6E733A746E733D22687474703A2F2F7777772E61637469766974692E6F72672F746573742220786D6C6E733A7873643D22687474703A2F2F7777772E77332E6F72672F323030312F584D4C536368656D612220786D6C6E733A7873693D22687474703A2F2F7777772E77332E6F72672F323030312F584D4C536368656D612D696E7374616E6365222065787072657373696F6E4C616E67756167653D22687474703A2F2F7777772E77332E6F72672F313939392F5850617468222069643D226D3135323332383336323831383322206E616D653D2222207461726765744E616D6573706163653D22687474703A2F2F7777772E61637469766974692E6F72672F746573742220747970654C616E67756167653D22687474703A2F2F7777772E77332E6F72672F323030312F584D4C536368656D61223E0D0A20203C70726F636573732069643D2261756469745F70726F6365737322206973436C6F7365643D2266616C73652220697345786563757461626C653D227472756522206E616D653D22E5AEA1E6A0B8E6B581E7A88B222070726F63657373547970653D224E6F6E65223E0D0A202020203C73746172744576656E742069643D225F3222206E616D653D22E5BC80E5A78B222F3E0D0A202020203C757365725461736B2061637469766974693A61737369676E65653D22247B757365726E616D657D222061637469766974693A6578636C75736976653D2274727565222069643D225F3322206E616D653D22E4B88AE4BCA0E6B581E7A88BE5AE9AE4B989222F3E0D0A202020203C73657175656E6365466C6F772069643D225F342220736F757263655265663D225F3222207461726765745265663D225F33222F3E0D0A202020203C757365725461736B2061637469766974693A61737369676E65653D22524F4C455F41554449544F52222061637469766974693A6578636C75736976653D2274727565222069643D225F3522206E616D653D22E7AEA1E79086E59198E5AEA1E6A0B8222F3E0D0A202020203C73657175656E6365466C6F772069643D225F362220736F757263655265663D225F3322207461726765745265663D225F35222F3E0D0A202020203C6578636C7573697665476174657761792067617465776179446972656374696F6E3D22556E737065636966696564222069643D225F3722206E616D653D22E588A4E696ADE5AEA1E6A0B8E78AB6E68081222F3E0D0A202020203C73657175656E6365466C6F772069643D225F382220736F757263655265663D225F3522207461726765745265663D225F37222F3E0D0A202020203C656E644576656E742069643D225F3922206E616D653D22E7BB93E69D9F222F3E0D0A202020203C73657175656E6365466C6F772069643D225F313022206E616D653D22E5AEA1E6A0B8E9809AE8BF87E68896E88085E68B92E7BB9D2220736F757263655265663D225F3722207461726765745265663D225F39223E0D0A2020202020203C636F6E646974696F6E45787072657373696F6E207873693A747970653D2274466F726D616C45787072657373696F6E223E3C215B43444154415B247B7374617475733D3D27434F4D504C45544527207C7C207374617475733D3D2752454A454354277D5D5D3E3C2F636F6E646974696F6E45787072657373696F6E3E0D0A202020203C2F73657175656E6365466C6F773E0D0A202020203C73657175656E6365466C6F772069643D225F313122206E616D653D22E98080E59B9E2220736F757263655265663D225F3722207461726765745265663D225F33223E0D0A2020202020203C636F6E646974696F6E45787072657373696F6E207873693A747970653D2274466F726D616C45787072657373696F6E223E3C215B43444154415B247B7374617475733D3D274241434B277D5D5D3E3C2F636F6E646974696F6E45787072657373696F6E3E0D0A202020203C2F73657175656E6365466C6F773E0D0A20203C2F70726F636573733E0D0A20203C62706D6E64693A42504D4E4469616772616D20646F63756D656E746174696F6E3D226261636B67726F756E643D234646464646463B636F756E743D313B686F72697A6F6E74616C636F756E743D313B6F7269656E746174696F6E3D303B77696474683D3834322E343B6865696768743D313139352E323B696D61676561626C6557696474683D3833322E343B696D61676561626C654865696768743D313138352E323B696D61676561626C65583D352E303B696D61676561626C65593D352E30222069643D224469616772616D2D5F3122206E616D653D224E6577204469616772616D223E0D0A202020203C62706D6E64693A42504D4E506C616E652062706D6E456C656D656E743D2261756469745F70726F63657373223E0D0A2020202020203C62706D6E64693A42504D4E53686170652062706D6E456C656D656E743D225F32222069643D2253686170652D5F32223E0D0A20202020202020203C6F6D6764633A426F756E6473206865696768743D2233322E30222077696474683D2233322E302220783D223434302E302220793D2231302E30222F3E0D0A20202020202020203C62706D6E64693A42504D4E4C6162656C3E0D0A202020202020202020203C6F6D6764633A426F756E6473206865696768743D2233322E30222077696474683D2233322E302220783D22302E302220793D22302E30222F3E0D0A20202020202020203C2F62706D6E64693A42504D4E4C6162656C3E0D0A2020202020203C2F62706D6E64693A42504D4E53686170653E0D0A2020202020203C62706D6E64693A42504D4E53686170652062706D6E456C656D656E743D225F33222069643D2253686170652D5F33223E0D0A20202020202020203C6F6D6764633A426F756E6473206865696768743D2235352E30222077696474683D2238352E302220783D223431352E302220793D2239302E30222F3E0D0A20202020202020203C62706D6E64693A42504D4E4C6162656C3E0D0A202020202020202020203C6F6D6764633A426F756E6473206865696768743D2235352E30222077696474683D2238352E302220783D22302E302220793D22302E30222F3E0D0A20202020202020203C2F62706D6E64693A42504D4E4C6162656C3E0D0A2020202020203C2F62706D6E64693A42504D4E53686170653E0D0A2020202020203C62706D6E64693A42504D4E53686170652062706D6E456C656D656E743D225F35222069643D2253686170652D5F35223E0D0A20202020202020203C6F6D6764633A426F756E6473206865696768743D2235352E30222077696474683D2238352E302220783D223431352E302220793D223139352E30222F3E0D0A20202020202020203C62706D6E64693A42504D4E4C6162656C3E0D0A202020202020202020203C6F6D6764633A426F756E6473206865696768743D2235352E30222077696474683D2238352E302220783D22302E302220793D22302E30222F3E0D0A20202020202020203C2F62706D6E64693A42504D4E4C6162656C3E0D0A2020202020203C2F62706D6E64693A42504D4E53686170653E0D0A2020202020203C62706D6E64693A42504D4E53686170652062706D6E456C656D656E743D225F37222069643D2253686170652D5F37222069734D61726B657256697369626C653D2266616C7365223E0D0A20202020202020203C6F6D6764633A426F756E6473206865696768743D2233322E30222077696474683D2233322E302220783D223434302E302220793D223330302E30222F3E0D0A20202020202020203C62706D6E64693A42504D4E4C6162656C3E0D0A202020202020202020203C6F6D6764633A426F756E6473206865696768743D2233322E30222077696474683D2233322E302220783D22302E302220793D22302E30222F3E0D0A20202020202020203C2F62706D6E64693A42504D4E4C6162656C3E0D0A2020202020203C2F62706D6E64693A42504D4E53686170653E0D0A2020202020203C62706D6E64693A42504D4E53686170652062706D6E456C656D656E743D225F39222069643D2253686170652D5F39223E0D0A20202020202020203C6F6D6764633A426F756E6473206865696768743D2233322E30222077696474683D2233322E302220783D223434302E302220793D223435302E30222F3E0D0A20202020202020203C62706D6E64693A42504D4E4C6162656C3E0D0A202020202020202020203C6F6D6764633A426F756E6473206865696768743D2233322E30222077696474683D2233322E302220783D22302E302220793D22302E30222F3E0D0A20202020202020203C2F62706D6E64693A42504D4E4C6162656C3E0D0A2020202020203C2F62706D6E64693A42504D4E53686170653E0D0A2020202020203C62706D6E64693A42504D4E456467652062706D6E456C656D656E743D225F34222069643D2242504D4E456467655F5F342220736F75726365456C656D656E743D225F322220746172676574456C656D656E743D225F33223E0D0A20202020202020203C6F6D6764693A776179706F696E7420783D223435362E302220793D2234322E30222F3E0D0A20202020202020203C6F6D6764693A776179706F696E7420783D223435362E302220793D2239302E30222F3E0D0A20202020202020203C62706D6E64693A42504D4E4C6162656C3E0D0A202020202020202020203C6F6D6764633A426F756E6473206865696768743D22302E30222077696474683D22302E302220783D22302E302220793D22302E30222F3E0D0A20202020202020203C2F62706D6E64693A42504D4E4C6162656C3E0D0A2020202020203C2F62706D6E64693A42504D4E456467653E0D0A2020202020203C62706D6E64693A42504D4E456467652062706D6E456C656D656E743D225F36222069643D2242504D4E456467655F5F362220736F75726365456C656D656E743D225F332220746172676574456C656D656E743D225F35223E0D0A20202020202020203C6F6D6764693A776179706F696E7420783D223435372E352220793D223134352E30222F3E0D0A20202020202020203C6F6D6764693A776179706F696E7420783D223435372E352220793D223139352E30222F3E0D0A20202020202020203C62706D6E64693A42504D4E4C6162656C3E0D0A202020202020202020203C6F6D6764633A426F756E6473206865696768743D22302E30222077696474683D22302E302220783D22302E302220793D22302E30222F3E0D0A20202020202020203C2F62706D6E64693A42504D4E4C6162656C3E0D0A2020202020203C2F62706D6E64693A42504D4E456467653E0D0A2020202020203C62706D6E64693A42504D4E456467652062706D6E456C656D656E743D225F38222069643D2242504D4E456467655F5F382220736F75726365456C656D656E743D225F352220746172676574456C656D656E743D225F37223E0D0A20202020202020203C6F6D6764693A776179706F696E7420783D223435362E302220793D223235302E30222F3E0D0A20202020202020203C6F6D6764693A776179706F696E7420783D223435362E302220793D223330302E30222F3E0D0A20202020202020203C62706D6E64693A42504D4E4C6162656C3E0D0A202020202020202020203C6F6D6764633A426F756E6473206865696768743D22302E30222077696474683D22302E302220783D22302E302220793D22302E30222F3E0D0A20202020202020203C2F62706D6E64693A42504D4E4C6162656C3E0D0A2020202020203C2F62706D6E64693A42504D4E456467653E0D0A2020202020203C62706D6E64693A42504D4E456467652062706D6E456C656D656E743D225F3131222069643D2242504D4E456467655F5F31312220736F75726365456C656D656E743D225F372220746172676574456C656D656E743D225F33223E0D0A20202020202020203C6F6D6764693A776179706F696E7420783D223437322E302220793D223331362E30222F3E0D0A20202020202020203C6F6D6764693A776179706F696E7420783D223631302E302220793D223233302E30222F3E0D0A20202020202020203C6F6D6764693A776179706F696E7420783D223530302E302220793D223131372E35222F3E0D0A20202020202020203C62706D6E64693A42504D4E4C6162656C3E0D0A202020202020202020203C6F6D6764633A426F756E6473206865696768743D22302E30222077696474683D22302E302220783D22302E302220793D22302E30222F3E0D0A20202020202020203C2F62706D6E64693A42504D4E4C6162656C3E0D0A2020202020203C2F62706D6E64693A42504D4E456467653E0D0A2020202020203C62706D6E64693A42504D4E456467652062706D6E456C656D656E743D225F3130222069643D2242504D4E456467655F5F31302220736F75726365456C656D656E743D225F372220746172676574456C656D656E743D225F39223E0D0A20202020202020203C6F6D6764693A776179706F696E7420783D223435362E302220793D223333322E30222F3E0D0A20202020202020203C6F6D6764693A776179706F696E7420783D223435362E302220793D223435302E30222F3E0D0A20202020202020203C62706D6E64693A42504D4E4C6162656C3E0D0A202020202020202020203C6F6D6764633A426F756E6473206865696768743D22302E30222077696474683D22302E302220783D22302E302220793D22302E30222F3E0D0A20202020202020203C2F62706D6E64693A42504D4E4C6162656C3E0D0A2020202020203C2F62706D6E64693A42504D4E456467653E0D0A202020203C2F62706D6E64693A42504D4E506C616E653E0D0A20203C2F62706D6E64693A42504D4E4469616772616D3E0D0A3C2F646566696E6974696F6E733E0D0A,
   0);
INSERT INTO activiti.ACT_GE_BYTEARRAY (ID_, REV_, NAME_, DEPLOYMENT_ID_, BYTES_, GENERATED_) VALUES
  ('3', 1, 'audit.png', '1',
   0x89504E470D0A1A0A0000000D49484452000000C00000018C080200000003533AF300002BF34944415478DAED9DF95713D9DAEFEB87FBE3FD43CEB9AB9D0EC3FBDEF5DEB5EEFBC37DEFBDEBAEE3F0DA6AB740076CE7D616D4165B6D196414C776467138B48C46411B45A630252109841020CC99490219184444114FDFA752A12892AA026D0D843CCFFAAEAC5D7B7F9F67EF5DF5A152D503107F6060FC8920F01460204018081006028481006160204018081006028481006160204018081006028481006160204018081006028481006160204018081006028411C400D5ADC4402CFC0AD0CCCCEB9524D85152521292E13F80A6A75FAD242140FE07687C250901F23740EFDE8DAE242140FE06E8ED5BD74A1202E46F80A6A61C2B490890BF017AF3C6CEAF57AF6C1313B6056DCB440890BF019A7C3DC42393B9BFE4F7CAB2E7B54E8785DFB94C8400F91BA0D7AFAD3CD20CA8CEE6DDB8557FF34963A9AA4DE9B09BF8FD4B2E04C8DF004D4C5878D4AE6DCEAABC943B7AF19CE8C265614EB5AC4AA7EBE14F595A2140FE06E8D5B899479D5AC5A5DACBC5E3976F1833539A92139FA4DC2B2ED41B350E877E7CD4CC9F4BCA52B72FEADBEF16D6815EB7DFE9684F3B1C23EA995764A0BF323336BEC5B288E9C6CD0890BF011A1F37F248AD955DACFDB564E2DA4D6746466F72664B726663FAD9A2AB4F2B9EEB745DA323FAF131237F0593A98394517672DFB74F151D9E4350D7B37D513F288C9E43CA6CD0D79CDEF363F3E0BC0AF9578F9F7920E49F851602E47780C6F43C52F74B2F882E3D9DB8267C73E1A63133B32DEDAC3A254B9696559B71BDE44E4D753D7F3AADB1B1CE13FBBEA9E961F4986B00A09EF9B68EA6FC533F9E66761A8DD549C792CCA33A68F754FF7A38F19CAC43CC331102E46F804647743C52F549CED75C2C19FFF5F7B797B3F599C9F2A4D496A4B3EDC9991D67526ACE5C7E76F5F7C667ED1D2D94796444CB556764A4FDC4DE6D555D73861153D5DEA8FD5DB32923234D7151DBA2988A3B0EFDB7338EBD50CAE8224F6F25C69EC974D8FBB9264280FC0DD0886B8047AA7EF1B9EA0B8F472F974E5DBCADCF489527248A4F25372564A892B33489198AC4D3C5A939CF1E8865B5164B376F29350990A67FAEC758B937725F976BAEC732D85170F5F885878FA0D155732BE6D82FCA97D7637F8E4B3B76282E76FF0F3FECDCB54B102DD81E15B923F7C553AE8910207F03E472F5F1A8B5AF01002A765D7AFCFADC6FB67357BAD24F37FD9CD07422497E3259713A5D9D78569398D2F04BC2BDCC6755CF1C8E9E79E94ED5CF7BB746462E4E71F1E0CF8AFFBEB8510AB9D2C7A9C7CE26A41EDC1D1BBB2FE3DEC3A6A6F2F6F6FA818166ABB543949F189B79896BC10890DF0172F6F048D9579F557DBEC079BE70F46C9E2333DB9A9CA48D079DD11E4FD1FE9CAA3D99A63D95D97F32537DF2C2B30BBF3F7F611FEE66A6EBB40A4AFDFDB527F7C554B52BE81E6DBB706FE45E9976AEC7E96C3C1673B07D48E3742A8BAFFC7CE9B77CFEB5B10A01F237400E47378F5A7AEBCE56643D1C3A5B389291634C4D579E88ADD81757B9FF48CD81A3F53F1E6DF8F198F4C70469FCA9BCA4BCB27C83BECDE1E862AD6332551C8BD925D53346F5CFF744EEE960F8F5B27FEC3AFCB39EECA94F3FF44B456B955E723732728BB7F6FCA8E798058400F91D207B278F5A7A44672BCEE65AD37F73A55DE83879E4C5C11F84BBF60B771D28DD73B8727F7CF5A19F8A7F3A5772AEB0B450D329E7A9A396DC8FDF77AC6398D1A9FD7D4FC46E668F755072E9D4EE03673265A5E7771C3B39646BD78B73220F1D85C69CDAF223771FD00F734E8400F91B20FB70078F14DDD5675F9E7D6049FB8733F54CF391BD8F77FD58B6F7D0CBBD872B7FF8F9E5E1B4B2C4EB25376BEB5EDAACED601E1E6AE7AAF3DBAF474E5CCB66F60C6B9FED8ED8D5EE93F2E4E6918888AF2FE6FE066DADF876C4A123F3B2D40511BB0F68B9274280FC0DD0B0AD9D470A4DD5D9F2CCBBA6941C7B7252CB9103BFEF395C75F0E79AD804517C46C1B9C78F4B0607DB6C16357F91BAE7577F8CD959DBA564760EF53FDBBD7D977ABE73C8D67423E9875D3BA3BE8B8ABEFAF0AEA6FA7AC48F87E71954F924403C7321407E06C8666BE3915C5399F932E38631F194F6C71F65BB7F12FD90D07034E1B7D4BB4FEECB5B4426432B7FBA4E277B947D72C78EED8F1A1ABD47FB9FEEDEBE5335CFFC3CE5C0F7075232CC66A5567AEFD0E9949CAB47B76FDFECADDD3FF473CF8800F91D206B2B8F149D15E91519170D278F2BF7FE547FF0E4B313970AAE36CA9FF7744B064D2DFCB9A027774E1D8EFB456190B38CF695ECDEFEBDCA327B68115F3AB9EB667131D3D3DF706BFBC1B87959AD0FB7EFDADF6FE19C1101F23740564B0B8FE41D1529E56967FA0FFFFCF258EAA394DF2A1F34D457F2A72CAD10207F0364196CE691425D919C9F9E507BFC62C9C5D2E74F7A3B25FCFE251702E46F8006CD321E2955D5976FDDB979EFBEBABDCE64949979CDCB410890BF01321B9B569210207F0364324A569210207F03643488579210207F0364D0D5AF242140FE0648AF5B514280FC0D904E5BBB928400F91BA095170890FF0082485A898164F80F20FF845028C4AB85007D7A6CDFBE1DAF16028400214008100602848100612040081002840021400810060284810021400810028400214018081006028400214008100284006120401808100284002140081002848100612040180810028400214018081006028481002140081002840021407EDAC8720B0428C0005A49EB418010A0150A9046A3914AA5BEFB9C9999A9AEAE36994C81428C50281C1D1DF5DDC8D0D05059591902F4A5627A7A7ACF9E3D696969168B85DE677F7FFFA953A7E2E3E303E8960394ECDCB9B3BCBC1CD0A736025B2B2E2E16080472B91C01FA8251505000DB8B8A8AA21AB76FDFA61EFAE00E1440004D4E4E022BB06CE0BEA7A7071A870E1D82CF03070E504821405F2AEC763BD0E3F5CA003FCD53535381F5DC43A3CF8C9292127C06FAE2919595E575DEEFDFBF1F700FCE5AADD66B17F083C17C304280BE54A8D56AAF534F3D12055C9C3E7D9AB98B2B57AEE05B989F222E2E8E3EEFF04C1DA06FEF62B19809103C0C2140FE7B8BA1CFFB72786DF9332F95D42E96D55BE4CA07887E8B5926AF2D7FF2A572B9BD4506C53F89A6DE6296C96BCB9F7CA95C6E6F91410110BCC52C9FD7963FF952B9DCDE2283E5DF85959797FF11F8012F95CBED2D325800C258E1002995CA3A8C65102E972B50019A9999847726D412CAE9B4C277BDC160084880DEBF1FFFF0E1156A0965B7073240D3D3633333A8A594DD6E096080DEBD1B79FF1EB5940A6C80DEBE754EBF73A09650F6A1C10006686ACAF1F6ED306A093534640A6080DEBC199E9AB2A19650810DD0E4E4D09B498BAF26D93AF9F5092928D090D510C800BDB64CBE36B14AA9EBCDAE55DEA957DDA96BE553BD0A6C2DDA5EAE3A287E59031AA08989C1890903ABB26B5BBECDEF10DCAD8DBE57079FACA286C076ABB685AB0E8A5F56AB3E80011A1F37BD1AD7B1EA769D12E090F46824DD9D8DDD1A56C11018A2EFD665D729B9EAD01A1FABC90827C2336AF86DC298390F9542C4DCF329756F07F1AD704CEBD3C9575F95B18E20C86A9E8657849F52CD2F3897E5B300F60DB69E82C5EE106A1763A665B504344063FAF1B17E56DD1629A2EFD58ABBDA1BBBDAEB35EC8221717747CCBDBA6C5133571D5A63A3552440E955BC9E9C18625D86927472458CB06F4C59254C0708167052E6D6F4595C6272A859A0C76B1963C26F88F093ADA37D2C4B529E841978964D123F3B4ACEC5A80343F4A45CB258B4010CD0D8A86E6CB49755D92285204754DFA5AED3B4D5757248D30686E8BBB5B74472AE3AB446472AD301A0B44A1E8F326D2D117E4239D2C37AC8628EBEC32C4E1FF29BA1EDB58CD147DBA8894647EEC4108B896D42B64552CB8879E4DDE691C53210C0008D8C0C8CB8BA5975AB46FE5D8E0828A9ED5089DAD9054360806FBA9B3532AE3AB45CCEF2B430222CB59CDB901D4DCC1978FCCDA94043B65765BAC75D676BB1B38B2B856CFB46D8F16667973B776D5A7317DF469A8F8731EABB0FE7525C455BA989BCFAB964190C68805CFD2EA78655B7AA6500506D67ABA84359D3DECA2A18020309507513571D5A4EC7F3D430B60B97FA9C3214093C87548333C2E285F2F86877A3D9D1E974DC8C6614F1CC55B4851AA5CBCE85E02600C4E3FF04C1145E054124A68BA83938D817C000B99C3D4E473BAB6E564B49803A5A44EDCD35EA1656C1101800A01BD552AE3AB41CF63200282CA58C7DB4F06B22EC58AA60CE40F528EC6A8E6A37000C41A19A8F36C10DE6D4F4218F14296B88C50573230EF9B130E2EB22C652E9E52D38636003E474743BEC6DACBA59250180DCF428AADBD805436010DC15DDA89270D5A1651F7E9A4202F49475B450B02645A62A14CC1998ED4F907B3AB226D9961D25EF7D616BC204D7ECC3D7B8901314A8B896CD3A347FFD907F8D3E9403886147E5C3AA05D73938D81BC00039EC9AE1A15656DDA804806AAAD5F2AA3659954ACEAE36191800A0EB5562AE3AB4866CA5674289D0E4521E4F7E94C740995922F448934D491BA2F294CC2CAA3164BB1A45AC3E2355D2659B92578786AE26423747CD5F00F4135157D9963A57813911EFEE20C5631B921E0925164EA16432053240F6E18E215B33ABAE57369200B53555A9A495AD4DAC8221309000553670D5A165B30A93C9EB27E4F1E445721A6C9238F75551300E57274B14CC2CAA61B35E8E9A1D72CF0B879B928195C8CB643B344E6AF50C49DD9DEC73CDDAA8657B63CCB6C8D925C1740B6C932993A93B80011A1E6AB759E5AC02260020373D920A0EC1101800A06B95F55C7568592D6E8092843C1E9200B7C12A8E85AB16F950E6C99D7F48F63CDC4484C64A2C32AA2C3544A55B2D97228955C962993B6BD385A455D029495A45445EA297C1169BF22C9EFAA4D95D9CF633A7E6119908E19E6891329934010CD0904D651D6C62D5F58A7A418EA8BA555CD52AAE5036B20A86AA551212A08A06AE3AB42CE6E2A4102234B198C7F33062CE40F9C9CB11B191FCCC95B23A2D8D40C9C6876629DD69315F0480921AA596DC8D4448ECB90872549CB88A88B8E8351D6BA7BBA0FB3643D5772FC36B7696DD79B25625E5BA1B21B162B374C1730232190219209BB575D02C61D5B58AFAEFEED454B502258DDC0091FAEE8EE86A4503571D5A6653616208119250C8E3C98DF036984DE723C80BB321D724F6EA8CC815530D3A854A7777AE4A6C109B73371011E7A9A1C68455749B966F275DD0336FC8A146F7B2612ECE7DC12CEE607A663BC965F09F1683A1338001B25A9ACDA60656FD5A2EFA36BF0318821B0C7C97B18A1CBA5303B6CBE5B5BE1572B7138B8DED59744A48429E6F2953EE7A82F82AA1BE9E71B83EB7FE600879D9EA993352E9F4D4F46843C257D42C7CAB0A3998B57D6E319E2CEE357B4A31FCDECB36E625842CE0096C802C830A93A18E55A2D6DACB2F44575ED65E29175D29AFE11069001B98B9EAA0F865D0770432406699512FF29581AD935F9F908202E9031A20B349AAD755A196527A750003643248740315A825945EAB0A6480F48DDAFE72D4522AA00132E81A06FA9EA396505AAD328001D269457D3DCF504B28ED4040033450D3DB5D8A5A420D0CB4043040DAFEAA9EAE27A82554600384BFDC693944A00204F1E0C183248C65101FF5DBB4F177247EB6100A8541B86B0468B99C4A0408014280102004080142801020040801C25389BB468010200408014280102004084F25EE1A0142801020040801428010203C95B86B040801428010200408014280F05422401808100284002140081002840021400810EE1A0142801020040801428010203C95B86B040801428010200408014280F054E2AE11204F8C8E8E3E7BF66C7A7ADAF7547674747CD4AF6942808234B2B2B2E2E2E2D46A357D2A5D2ED7952B57A2A2A2002F0408015A20009DEDEEB870E1027CC20D69C78E1DD00086F02B0C015A54C01D68BB4FF4F4F4204008D0A2A2ACACCC8B9EF8F8787C884680161B93939302818009507575350284007D44DCBE7D9BA667E7CE9D535353081002F411A1D56A6980EEDFBF1F547B47803E4F9C3E7D9A02C862B1204008D04787582C8653999696166C1B47803E4F4C4F4FEFD9B32748FEE93302F445A2A2A26266660601428030560A402E970BFFFED2170AA552191400399DD63FFE98447D5ECDCC4C3637373F78F060E50364B75B3F7C7885FABC7AFF7E3C7800B2CCCC8CA13EAFA6A7C78208A0F7EF47509F57EFDE8D040D404383D3EF1CA8CFABB76F9DC102D0D090E9EDDB61D4E7D5D4942388009A9AB2A13EAFDEBC190E1A80AC86379316564D72F4F3E8135256A4262787820520ABD530F9DAC425A5AE37BB5679A75E75A7AE954FF52AB0B5687B794A05992CC103907E62C2C0A5ECDA966FF33B04776BA3EFD5C127ABA821B0DDAA6DE12915641A0C1A802CFA57E33A2EDDAE53021C921E8DA4BBB3B15BC32A180243F4DDBAEC3A25571D610C41849F528D69E99EF1B17B3B08628750EB6D63C40E21E9618B6F85B3A55419EB08EEF0AACF149918738F67EF6008CFA8F1DD886FA7AFC6C74DC10290C5A21D1FEBE7D26D9122FA5EADB8ABBDB1ABBD5EC32E18127777C4DCABCB1635B31619137EE37365D78587FBF4859F6C1DED033F7991D2ABC8C4D19C18E21BA157A7F264F86C27A8351D38C8619974B42A239C8811F6716DCD5D9CCF0095A919E76591B3F365CD4A1F3C000D8C8DF672295BA410E488EABBD4759AB6BA4E0E69DAC0107DB7F69648EE5B6174E40E795B893E910E273EFACE5C67F809A57B28E6518F578A309A084FAB9CCDDD261CE999D7D97C227CB613A44C5B4B979D3F6F25CC481777672D26D6A637CF55F6CCF8681BA79DDC450FDBA9D3050D40830323AE6E2EDDAA917F9723024A6A3B54A27676C11018E09BEE668DCCB742713470934DB7A38BBA5C455BE13AA53577418FABF97818B1B5D8D9E59512965A4E8E3AB3A3D9AFDB5C4A73EA5A1E1C603ACAC63A9197DCD3910B2B8E6629E27296A7857916B6B046068205A0C1C13E9753C3A55BD53200A8B6B355D4A1AC696F65150C818104A8BAC9B78253111FB6B81FFD54452795522480EBF49CCC75DC8C26B614393AE77592053D9D7F46CCE2ACA267A444922AB8B9C8DC11577F1001E474B473E966B59404A8A345D4DE5CA36E61150C810100BA512DF5ADE0901F0B23BE2EB2AB796671D86F088835A972B522650D93294121F47B72C9CB9952E655D051F8F5425C92656767294B5D80E5B975BA97E499D13351D8310535A9BB0E3DC42A97B3277800EA75D8DBB874B34A0200B9E95154B7B10B86C020B82BBA5125E1AA239F4F0633C2529E7A990B059E4EFBF035017BD2E6C261156928D84C841D95BBDBBE72A7AF4991A9660F9FA6841182021563D453873C941D0D631E42657A2E72687E08AEF19C3490D3D11D2C00994CBDC343AD5CBA510900D554ABE5556DB22A959C5D6D32300040D7ABC45C759A92571351577DFBF3A388D0E452AECE21DBD5286273BE4D39AF537A2474B673286F33117AA4C9DDF61A9A4D5F7D464A1F969E09E5BF03CD96259DABA3A256C38CE4CA1953C032A843AA5A549E9275BF0EBB267800EA1EB23573E97A652309505B53954A5AD9DAC42A18020309506503571D295C068E084D167A99F32217DB69CBDB4484C649AD0AF643EB65002859421F0A93C94BCE1CDD94479B2571A1B387E46A232FC3277346B79F807EBA14D566957DB8237800D2D8AC722E011300909B1E49058760080C00D0B5CA7AAE3A92A45544E4259E89982259491242C3FA70131776910F651E4368ACC4229B9B857168B55C8A2456258BE943F2AA5389B3A39BF268B3383674F6302F92CC826AD432A825CD4D4A3A097A8855C343ED41039041631D6CE2D2F58A7A418EA8BA555CD52AAE5036B20A86AA551212A08A06AE3AE2C4557C5F1D21B162B394363F8C98A524775E67686231CF522D8DB1CC2F2866AEC7602E4E0AE1FF0ADBF890B10C5833CC68315F24E189B8C8B3365F0DD954C10290C1D039689670E95A45FD77776AAA5A8192466E80487D774774B5A281AB4E63C22A22E23CEB903977031172A8D12486762E7579660F9982A1908442F60A0D87283022723D5966536162887729AA93E1391F416CC8A547C9227387D49A993332D7E6CE655F27259BB5358800329B1AB8F46BB9E8DBFC0E60086E30F05DC62A72E84E0DD82E97D772D56948F88AF70E74B0C158EF9562AA3F18C29B9277FA2B9E74669190843C9621635604B13E9723915A3395482DDEB748EE76CEA9ADE4BF8C0F1280F41D26431D9744ADB5975F88AEBCACBD522EBA525EC321D2003630F3940A2A590615C102905EDF61D48B5865E0E8E7D127A4AC4859CCB2E00148ADD755A13EAFCC2669D000A455E9062A509F572683245800D26A55DAFE72D4E79549DF183C002907FA9EA33EAF0CBA86A0016840D9D7F30CF579A5D38A8205A0818196DEEE52D4E7956EA0268800EAE97A82FABCD2F657050B40F89BA0BE500405401006832109E3CB446666E6CA07288042281406E1AE11A0E5722A1120040801428010200408014280102004084F25EE1A0142801020040801428010203C95B86B040801428010200408014280F054E2AE112004080142801020040801C25389006120400810028400214008100284002140B86B040801428010200408014280F054E2AE112004080142801020040801C25389BB46803C313A3AFAECD9B3E9E969DF53D9D1D12197CB1120046881C8CACA8A8B8B53ABD5F4A974B95C57AE5C898A8A02BC10200468810074B6BBE3C2850BF00937A41D3B76400318C2AF300468510177A0ED3ED1D3D3830021408B8AB2B2322F7AE2E3E3F1211A015A6C4C4E4E0A04022640D5D5D508D01704A8ADAD8DF90B8B57C0C3E6B56BD7687AA2A3A3150AC50A206391970901FA3CE79A06283535150E112004E82302B6101B1B4B01545A5A8A0021401F0DD09D3B77E054FEF4D34FB023040801FA68806A6A6A76ECD871FFFE7D0408DFC23E312A2A2A666666826DD7CB0320DDBE3F64046A59A8F9BFFE31D51F680075FDFB4CFB7FC78BB71CF4A17BE31FE3B50109D0CCCCEB3FFE98442DA1DE8F547CE8F9CF4005E8FDFBF10F1F5EA19650EF9C810CD0F4F4D8CC0C6A29F5CEF93280017AF76EE4FD7BD4522AB0017AFBD639FDCE815A42BDB3BF086080A6A61C6FDF0EA3965053F6B20006E8CD9BE1A9291B6A2915D0004D4E0EBD99B4F06BF2F5BC86D721EA4F6A6AF8592003F41A38302DA882DF2BAAC512AA3D3E6EC82D792969912F2611B5A0DE0434401313E6890903BF146AE5FF884849B951481D3A9C03EBF75FD879EAD68051B3602E6A41BD197E1AC000BD1A37BE1AD7F148D9DEF26F1129FF7B6766494535D533E21AB8704F18B225696BEC65A3B99B3F9DD2F8584D4638119E51C332D47A2A9CF85638A6A51B64A7F05B22FC94CADD664A95B18E8088B9E75B871C62EB671A7C17208C615F956FC1F1B17B3BC8E5C146D665B46AB9770A363E83AFDE0C05344063FAF1B17E5F8D8D929F72950CE8F95F3B326A240D63A37DF4E888AB37BBE0E9BF7C93BCF187F30653276B05B288F01B2226C75DAD8A0428BD0ADAADE9EBA886C7A33C194E7C231CED7337D685871331C23E3231FC64AB3B2B26E61B623698893E0BCE8921C85C2E83D7BC8CD9D9B3C04F2D9E511FD659258C2121E69A88DE0ED7327CF57AA83480011A1BD58D8DF67A697484FCFC5D54F31FDF67FEC7F71935E23A97ABDBCB336CEFCA7D52060C6D89BDD4AB55D1595E124613E16995A32395E980C2A39ED147DB08629B70C4DD083FA18446F38970AA876A50FDF467F41DDA396F85A47931B136BDD993A84C5B0B2B2173C9357044F88992B4B5D474E087D9E7CF48AE932A450DF1959A1FB077DF9343E9F5D093000668646460C4D5EDABA75595EBF79FFB77415AC9CB0ADF5197B30B3E87863A6EE63DF9DBD709FB126E2ADB65AC755CCEEC68626BB1B33C2D8C882E824F6893B9AEA2AD44D8F1666797ABF9781869A01BA4332C6C2D11B6D6D33FEB9C5776368B7552C6D46BD39ABB8AA3E75DCBE822F702A88952CBD9B2484F732A5092FD9133BAB719BDD5B72C8F5E5B03012096FFD48D02C8D5EF726ABC54D528FABFBBCFFEC7F7E905BF3FF71DA5E47474C2A7C3DE71F15EF1DF3627EC4FBAA9D6C89C0E2EF34DF755E99CEB29DA4284C5373B3A9D8AF830624B11A3C11CF56AF3C83D85279D554502C0656E3B241F829BACB9E450587C1169884F0DE3BCA930B7434F41D58486EF289726AC421AA080FA4F5ADD00B99C3D4E47BB97FE2D22F97F7E97925DF0D877C85736AB2AFEECDDB59B7ED99B70C3665331871CF263ACE75F50A876147E4D841D53D8D56ECFD745B30D8160BE153CE0247C3AC16F2FE3B9BAEE20CB7A5662BF0185C352CA3C87B3B3BB87C83AF4D0ECB2D708046B08C18DB94E72196B52E56AD693402F86AEE386E9C6624E606003E474743BEC6D5ED2F448B7C65D0CDB9A782E27DF666DF535D032185B0EA767FFB7BF9F4CBCF2C06C6EE1B2D987AF91E7B34035D753B099083B2A1F56D96547C388CD85CC86DB4C84AD09A30C3ECED99A4F53C2E66ABAB318A35E6628E289CD85E49017D1D77CD72C4F59C3EC270F493E9EFA6C8D5C06B09522F3AC9CF65093FAA67869C2FA28800172D835C343ADBE6AEF92EC4DB8FED58653676FE7D9AC4AE819B229E951AADD3FD014979AFDD7FF77F2424E9E4E2F67ADE3F14B8F841244541EA342DE6622F448934DE91EDA9CCF683425AF8E8A8253BF3A3494084D2EF575CEAEA1F44C28FF1DC863763BA1E66AA806C5A96A5491FC28C253DC5D8D5E21698388BA4A2F189CA1519B4319B99E7462F51929F3CC5C8D9ADF439582A9B94ECEF8602003641F6E1FB235B34AA614EDF9E5EABACDA7AFE616984C72E8B15915F46887A6E1E405F29BEBF4E5BB5A5D937BD4BB8294BA0CBE1179D996B789088D935A1536495C28B1296FB6914C5EE038A96754981CBA290FDA9197C9FAB34EAAB88D1C854B4E1F5E8E628E32CCE432222FC36768B2905E9BDB4F782ABB4B79B5A92C46B5D5C99279337E2E8D0F160500405C6F61C3436A9B55EE2BAB85FC546BEABF3E9815BE2DF16E61B1DE20991D92F5F4359C3C9F433E3B275E33999B683F97AC0F371170392DB2793DA1B1128BCC2A8E0D750FB91B0465A347C1991749842609C99459E7EC32C8CB19F9903EBC14C91C6598F32257258B6592A455541DAA26098F3B979A973944B5C14F445E9AF3BBDBCC85B16E8D767A6D93E7E48C0F1606F06BFC904D651D6CE2515777FDDFF766846F4BC8CE2FA07A4C46C9D1F45B6B36FEB22FF19A412FE14F0759CCC5492144686231FB68235CBF8D0FCD52BA4176E66E244262C5D069BE485E915C29D3C92CCB1B736690387115AC812A48445CA43A1F46CCDE1373A55E0B033F652317C32845A6CCA6D35B73975D95D4386FF19493AC337F255E1A37053240F08C3C6896F0AB4353FB7F76A69EBE94431D6AB50DEBF7651CC9B8A937342E986B361526C2650E39D46812B31B723710C4865C93D8DC70C887870D8909ABE85CB78174322B47E4D287E72398A3F3CDA0C68455210985F4612E858EBBB83BD77B91E02722CEBB97B72AB141CCD891DB1C71DEE399ABC062A3964795E23A4563A6FC0006C86A69369B1AF86532D68BC4BFCB5ACAA943A3B1BEBAF1F796B68A051341B9DB09627B165BCDACD91F7E2224218F635EF07C95505FEF39AC3F1842ACCF35D6739B3947410D095F51134183755272A921071B662B503682B100C65C790921DE15C874AF6054E3516003641954980C758B9451CF7788FA348D19F3021920B3CCA817A1965023010D90D924D5EBAA504BA811E36F010C90C920D10D54A0965023867F043240FA466D7F396A09E50C68808CBAFA81BEE7A82594D3F0208001D269457D3DCF504B28A72EA0011AA8E9ED2E452DA11CBAFB010C90B6BFAAA7EB096A0915D800E12F775A16BF602A2001EAFF16AFDC7291FCBFFCF1A623D000FAF221140AFF5811B1DC36122C00AD983F27B8DC36122CBF27FA8B9E77D80273475FF4F744FB0D20FC45E3081002840021400810028400214041FFB732F02D0C5FE311200408CF3B0284002DF946965B2040184B16081006028481002140081002840021401808100602840021400810028400612040180810028400214008100284810061204018081002840021401808100602848100214008D097088D4623954A7D019A9999A9AEAE36994C78F11020BE989E9EDEB3674F5A5A9AC562A101EAEFEF3F75EA547C7C3C5E390468E1282828006EA2A2A2A8C6EDDBB7A9FF8F09EE4078E510A085C36EB7033D5EFF17DCCE9D3BA7A6A6F0CA21408B8AACAC2C2F80EEDFBF8F970D015A6CA8D56A2F80A847220C0468B111171747D303CFD478CD10A08F8BB2B2321A20B95C8ED70C01FAB8989C9C14080440CF810307666666F09A21401F1DD40B7C4949095E3004E85342ABD5C2FBBC7F7E1923C60A0408A2BCBC1CAF1602848100CD8FBA951888855F0182F7A49524D85152521292E13F803E7C78B5928400F91BA09999B1952404C8DF00BD7F3FB2928400F91BA0E9778E952404C8DF00BD7D3BBC928400F91BA0A929DB827AF3C63AF9DAF2FA957962DCFC6AD40882061C42270C2DA682DF8400F91BA03793162E4DBE1EA41A8E418DBAE259D9A50BF70EC55EFA2612040D386CAB780A435EE6A51502E46F80265F9B58F57AC2089F13E3FA1E696549666A71E2E947C909C549E427DD80CE92B3A96078FD4A4FA72CAD10207F03343161E0D2F898B65721027A6EEFDBFBE2DA454DE30B8755430D41030EA113869E64A4F4368BC0CC53CA6F4280FC0DD0AB711D97BAC4E52519298FD3CFF4296B479C7DE3A303766BA755AF0241030EA1B35F590706B08199AB8E2A631D117E4A35A665760A6388F08C1A9ED941E363F77610EB325AB5FC36A610207F03343ED6EFABB1D13EABBEE5717AF2EDBD7BFA5AAAC747FB8CDD92FA829C7F1C8D3BBBE13FCF6ED80C0D3834764B61A84F59737BEFDEC719C99002893EA57262000265DFD868554638C11931396CCBF0E4B22E92550890BF011A1BEDF5D588B3BBE57951E1E9136557B29C768DA1ABB1342B2573C3A6F875FF7AE4AF7F0341030E4BCE9E317489C1003630373F2F8444AF52C268223CADD2770ADF7E65DA5A6291117D8775D92004C8DF008DB8BA7DE518EA283D975E9870522D2A713934B579B733376C3CF297BFFDF4D790237F59077237FE069D7579B7C1D0262A017369561A2432EBB88AB612D1D964A3F97818B136ADB98B1E2A8E26C252CB59679F4B776647CFCF5A500890BF01723935BE1AB6A9EF1CF821FFF4CF167DB3C5D87CFFC821B8E5003487FFB28E161C1E5BFB2F306435360FEA140509276EFFB07FD8DA4617713A9EA78631EE1A459DCEA22D1CB794B5A98A4E3245111FB6E0DDA7A89375CD9410207F03E474B4FB6A68507961CB3705A78F43DBD827CE5CBF91FCE662D073D87D1F82CECCF59B4C7D62B0159C8EBFB8E51B48F42AE5B0970146824235EB44DE66F9B130E2EB22BB7A36F7868058932A572FBE1402E46F801CF6365FD9CCCDE7B76CCB3F7D1CDA86DE06A0840720636F03D8F24FC75FD8B20D12BD4AC953D6080A54ACB3F8CA2E3B1A466C2E1CF6F8EDC3D700A014197DF8340500E2AD8600F91BA0E1A1565F59CD8AECFD7BF34E1D330E888D5AC9BDB8839C5F6171074D5A09D8F27E89CFDEB7C7625230EB0C498F84CE7DF9AC3E23BD1AC5FAB5147AA4C9A6F4F1B347549E9275CD9410207F0334646BF695D5DCF4383329EF979F5A2AF36D1645D53FAE64FC7DBDEF43347456FFE30A18C006E6C7198990C8AC234D5EEDBEE40AEAD066BD1C45AC4E9628981E5BDE2622344E6A253B6D92B8506253DE5CDB431E9562B30A9343E7AAB10A01F2374036ABDC5716B34CF2E4EEC313474A2E240F9A243DAD2F8AD34EA5FF7D3DDC72A8D77868C06171DA2F300486D28B67C00C2990C85A9092D572299258952C9EE7B13E048062251619C34682E2EEA4FCEEC3C84B3C95692140FE06C83AD8E42B8B593AD05959987CFCC6AE6875E363AB59DADD525675FFF2DDD8FD197FDF00BA17BB1F0EA11386C07063670C982105127D4A15278578EE2491B9170188A4C6791E4BEE46222456EC4E9C357B3C16F39C9FB441445C645D302D04C8DF000D9A255C6AAE785890743C3F29BEADE191515F6F368A75BDD57D1D2F41D08043E8842130003D60F64A379B0A13DD34243688677BCE47B03ED7841C6A34897323E69967FDF37B7237B8313ACFB56604C8DF00994D0D5C3219EA5A44F98549F1D777463F3E97207B71BF5FF3921A1AE8AA90BFB8FFE47C020C814129CA371AF84A790A1AB32288AF12EAEBE775E6AE27420E3618EB17E9E71702E46F8080125619F5B5F069D08AE4E50FF2137FCA3D7E28F7449C5BB16EB9DBC70FC110180C3A119DB2B44280FC0D90512FE292415743357ADA9ED5175D2F4EF9F9C6EE1DE7366F0641030EA11386BCCC4B2B04C8DF00E975550B4AA7ADD4F6576AFB5EF6F794F777BF20D5530E87D009438BA9E0372140FE06483750B1928400F91B206D7FF94A1202E46F8006FA9EAF242140FE06A8AFE7D94A1202E46F807ABB4B579210207F03D4D3F564250901F237402B2F10A0CF09107D5AEBEBEB5B5B5B272626BC0C492B31F0F7947D4E80A8C63FFFF94F8BC5D2D2D2B2546BF5BDA87FE632F3E722409F1F20880F1F3E34343450EDF7EFDF777474343636C227B4A1472E97537F4707EE52E4FF2F363E0EED376FDE50BF5E7E6666A6B3B3532C16C327FDFBC2C16630182828590DD3D3D36D6D6D308BCD66630508E65228146AB59A5A03B4A935C0BCD0A69DBEFDAC88D09D748375550E87A3DE1DB0F2B1B13104685100C1E933994C2A958A3AECEBEB1B1C1C844EB3D90CED3FDC7F0DCE6AB542036CC099D168843678E8D1D7AF5F0382C3C3C35AAD962E0E7735EADAB31A7A7A7AC000B3408315A0EEEE6E1875B95CD42C90083352F30E0C0CD04EDFFE4502C4BA2A40075605B764BBDD1EE47F7DE1239E818009780682B349F5CB6432EAC2C36753531334E02A6A341A68B4B7B7EB743AB873401BEE4F4EA793F2C319A773E9E2708FA13B7D0D52A9949A05EE1FAC0051F715B8C0D41AE0B60777236A0D232323B4D3B79FF5D7B2FA02C4BA2A28053724A803F3E257D8273E2BD0DF65707EE12792BA8A70BDA94FB8EA70DBA73EA93B3FF899CFE3BEC5590DD0A0AE1F7CB202445F427A3D401240299148BCAEAE57FF22EF40ACAB823A70278643F86E7DF5EA1502F42900C1F5A0C880B349FF755CF8F9866F34B8EB401BEE40F47D88F2D33FCAACC5590DD45587C6DBB76F5901A21E418009FAF6D0DBDB0BDF3BD41A98E1D5BF48805857453F11C25736F32F0323401F01105C0F78B0A59E81E04184EA84270CF811A7FE261C3C1DC38F2FFDE795C10F0FBCD44987AF42DFE2AC0678B2810A300B34580102278CC2532DFDC403DF98D4338A97D9AB7F9100B1AE0A1EC3E1E907C0A29EA611A04F01086E0C70BF817B387CD2CF31F08E43FECEB2376FA8C70EEA2D897E6B83E706F0C39BCBE4E4A46F71560374427DF829E77F0B63BE22410AFD6CC40CAFFE4502C4BA2AD81A1C522F62C01002B4A2029E6D59FF6115573F0602342FE0B19D7AEF5B643F0602848100612040180810060602848100612040180810060602848100612CDFF8FF22BBEFC9C0EE6DD10000000049454E44AE426082,
   0);
